ID,QUIZ: Financial Aid Requirement,Career Action Plan Check-In 1,Career Action Plan Check-In 2,Career Action Plan Check-In 3,Part 1 of Final Project - Interview Professional Approval,Part 2 of Final Project: Informational Interview,Week 1: To-DO Points Submission,Week 2: To-DO Points Submission,Week 3: To-DO Points Submission,Week 4: To-DO Points Submission,Week 5: To-DO Points Submission,Week 6: To-DO Points Submission,Week 7: To-DO Points Submission,Week 8: To-DO Points Submission,Week 9: To-DO Points Submission,Week 10: To-DO Points Submission,Week 11: To-DO Points Submission,Week 12: To-DO Points Submission,Week 13: To-DO Points Submission,1st Points Deadline Activity Assignment,2nd Points Deadline Activity Assignment,Final Earned To-DO Points Running Total (Max 30),Assignment 1: Networking with a Purpose,Assignment 2: The Optimized Resume,Assignment 3: Communicating Your Brand,In-Class LIVE Lecture Assignment for Attendance,Week 2 Quiz,Week 3 Quiz,Week 4 Quiz,Week 5 Quiz,Week 6 Quiz,Week 7 Quiz,Week 8 Quiz,Week 9 Quiz,Week 11 Quiz,Week 13 Quiz,Final Points,Final Score,Final Grade
4414103,10,5,5,5,10,40,,,,,10,10,,,,,,,10,15,15,30,30,5,30,30,5,5,5,5,5,5,5,5,5,5,250,100,A
4419238,10,5,5,5,10,40,5,5,,,,10,,,10,,,,,15,15,30,30,5,30,30,5,5,5,5,5,5,5,5,5,5,250,100,A
4418750,10,5,5,5,10,40,,10,,,5,,,,,,,15,,15,15,30,30,5,30,30,5,5,5,5,5,5,5,5,5,5,250,100,A
4448527,9.75,5,5,5,10,40,,15,,,5,,,5,,10,,,,15,15,30,30,5,30,30,5,5,5,5,5,5,4,5,5,5,248.75,99.5,A
4441284,9.44,5,5,0,10,40,10,,,,,5,,,,15,,,,15,15,30,30,5,30,30,4,5,5,5,5,4,4,5,5,5,241.44,96.58,A
4526191,10,5,5,0,10,0,,,,,10,,5,,10,5,,,,15,15,30,30,5,30,30,5,5,5,4,5,5,5,5,5,5,204,81.6,B
4525812,10,5,5,0,10,40,,,,5,,5,5,5,,5,,5,,15,15,30,30,5,30,30,5,5,5,5,5,5,5,5,4,5,244,97.6,A
4462520,10,5,5,5,10,40,,10,,,5,,,,5,,,5,5,15,15,30,22.5,5,30,30,4,5,5,5,5,5,5,5,5,5,241.5,96.6,A
4419922,9.5,5,5,5,10,40,,,5,5,,,5,,5,5,,,15,15,15,30,30,5,30,30,4,5,5,5,5,5,5,5,5,5,248.5,99.4,A
4418905,8.69,5,0,0,0,0,,,,,,,20,,,,,,10,15,15,30,30,0,29,0,5,5,5,5,5,5,5,5,5,0,147.69,59.08,F
4463479,10,5,5,5,0,40,10,,,,,,,,,,,,,0,0,0,30,5,30,30,5,4,5,5,5,4,5,4,3,5,205,82,B
4380394,9.38,5,3.75,5,10,40,,,,5,5,5,,,5,5,,,5,15,15,30,30,5,22.5,30,5,5,5,5,5,5,5,5,5,5,240.63,96.25,A
4463214,9.45,5,5,5,10,40,,10,,5,5,5,,,,5,,,,15,15,30,30,5,30,30,5,5,5,5,5,5,5,4,5,5,248.45,99.38,A
4508258,10,5,0,0,10,40,,5,,,,,,,,,,,,0,0,0,22.5,5,30,30,5,4,5,5,4,5,5,5,4,5,199.5,79.8,C+
4472547,10,5,5,5,10,40,,,,5,,,10,,,,5,5,5,15,15,30,30,5,22.5,30,5,5,5,5,5,5,5,5,5,5,242.5,97,A
4475062,10,5,5,5,10,40,,,,5,,,10,,,,,,15,15,15,30,30,3.75,22.5,30,5,5,5,5,0,5,5,5,5,5,236.25,94.5,A
4432487,9.44,5,5,5,0,40,,,,10,,10,,,,,,,10,15,15,30,30,5,30,30,5,5,5,5,5,5,5,4,5,5,238.44,95.38,A
4412795,10,5,5,5,10,40,,10,10,,,,,,10,,,,,15,15,30,30,5,30,30,5,5,5,5,5,5,5,4,5,5,249,99.6,A
4426987,9.31,5,5,5,10,40,,,,,,,,,,,,,15,0,15,15,30,0,22.5,30,5,5,5,5,5,5,5,4,4,5,219.81,87.93,B
4406229,10,5,5,5,10,40,,,,,10,,5,,,,,,15,15,15,30,30,5,30,30,5,5,5,5,4,0,5,5,0,5,239,95.6,A
4451268,9.88,5,5,5,10,40,,,,5,,5,5,5,10,,,,,15,15,30,30,5,30,30,5,5,5,5,5,5,5,5,5,5,249.88,99.95,A
4426216,9.75,5,5,5,0,40,,,20,,,,10,,,,,,,15,15,30,30,5,29,30,5,5,5,5,5,5,5,5,5,5,238.75,95.5,A
4419669,9.75,5,5,5,0,0,,,,,20,,,,,10,,,,15,15,30,30,5,29,30,5,5,5,5,5,5,5,5,5,5,198.75,79.5,C+
4417391,10,5,5,5,10,35,,,,,10,5,,5,,,5,5,,15,15,30,30,0,30,30,5,5,5,5,5,5,5,5,4,5,239,95.6,A
4512866,9.5,5,5,5,10,0,,,,,20,,,,,,,,10,15,15,30,30,5,30,30,5,5,5,5,5,5,4,5,5,5,208.5,83.4,B
4419588,9.45,5,5,3.75,10,40,,,,,10,5,,,,,10,,5,15,15,30,30,5,0,30,5,5,5,5,5,4,5,5,5,5,217.2,86.88,B
4411289,10,5,0,5,0,40,,,,,,,15,,,15,,,,15,15,30,30,5,30,0,4,5,5,5,5,5,4,0,5,5,198,79.2,C+
4408408,9.94,5,0,0,10,40,,,,,,10,,,,,20,,,0,15,15,0,0,30,30,5,5,5,5,5,5,5,5,5,5,189.94,75.98,C
4421892,10,5,5,0,10,37,,,,,5,10,,,10,,10,,,15,15,30,30,5,29,30,5,5,5,5,4,5,5,5,5,5,240,96,A
4450174,9.69,5,5,5,0,40,,,5,,,,,,,,15,,,0,15,15,30,0,30,30,5,5,5,5,0,5,5,5,5,5,214.69,85.88,B
4434014,9.88,5,5,5,10,30,,,,10,,,,,10,,,,,0,0,0,30,0,30,30,5,5,5,5,5,5,5,5,5,5,204.88,81.95,B
4508452,10,5,5,5,10,40,,,,10,20,,,,,,,,,15,15,30,30,5,30,30,5,5,5,5,5,5,5,5,5,5,250,100,A
4508322,10,5,5,5,10,37,,,,,20,10,,,,,,,,15,15,30,30,0,30,30,5,5,5,5,5,5,5,5,5,5,242,96.8,A
4421860,9.75,5,5,5,10,40,,,,,10,10,,,,,,,10,15,15,30,30,5,30,30,5,5,5,5,5,5,5,5,5,5,249.75,99.9,A
4417997,10,5,5,5,10,18,,10,20,,,,,,,,,,,15,15,30,30,5,30,30,5,5,5,5,5,5,5,5,4,5,227,90.8,A
4333188,8,5,5,0,0,0,,,,,,,10,,,,,,,0,0,0,30,5,30,0,0,5,0,5,0,5,5,5,5,5,118,47.2,F
4509395,10,5,5,5,0,40,,,,,,,,,,,,,15,0,15,15,30,5,30,30,5,5,5,5,5,5,5,5,5,5,225,90,A
4408893,9.88,5,0,0,10,40,,,20,10,,,,,,,,,,15,15,30,30,5,29,30,5,5,5,5,5,5,5,5,5,5,238.88,95.55,A
4374305,9.38,5,5,5,10,40,10,,,,10,,,,,10,,,,15,15,30,30,5,30,30,5,5,5,5,5,5,5,5,5,5,249.38,99.75,A
4383167,9.88,5,5,5,10,40,,10,,,5,,,,,,,,15,15,15,30,30,5,30,30,5,5,5,4,5,5,5,5,5,5,248.88,99.55,A
4482810,10,5,5,5,10,0,,10,,,5,,,,,,,10,5,15,15,30,30,5,30,30,5,5,5,5,5,5,5,5,5,5,210,84,B
4407786,10,5,5,5,10,40,,15,,,,,,,,,,,,15,0,15,30,5,30,30,5,5,5,5,5,5,5,5,5,5,235,94,A
4427136,9.25,5,5,5,10,30,,,10,,,,,,,,,,,0,0,0,30,5,22.5,30,5,3,5,5,4,4,5,5,0,0,187.75,75.1,C
4259679,9.69,5,5,0,0,0,,,,,,,,,,,,,,0,0,0,30,5,30,0,5,5,5,5,5,5,4,5,5,0,128.69,51.48,F
4457736,10,5,5,5,10,40,,,,,,,,,,,,,,0,0,0,30,5,30,30,5,5,5,5,5,5,5,5,5,5,220,88,B+
4466839,10,5,5,5,0,0,,,20,,,,,,10,,,,,15,15,30,30,5,18,30,0,5,5,5,5,5,4,5,5,5,182,72.8,C
4467850,10,5,5,5,10,40,,,,,10,,15,,,,,10,,15,15,30,30,5,30,30,5,5,5,5,5,5,5,5,5,5,250,100,A
4448929,9.5,5,0,0,10,40,,,,5,,10,,,,,,10,15,15,15,30,30,0,30,30,5,5,5,5,5,4,5,5,5,5,233.5,93.4,A
4435755,9.94,5,0,5,10,34,,,5,,5,,5,,5,5,5,,,15,15,30,30,5,30,30,4,5,5,5,5,5,5,5,5,5,237.94,95.18,A
4423441,10,5,0,0,0,40,,,,,,,,,,,,,,0,0,0,0,0,0,30,4,5,5,0,0,0,0,0,0,5,104,41.6,F
4467154,7.69,5,0,0,10,0,,,,,,,15,,,,,,,15,0,15,30,0,30,0,5,5,5,5,5,5,5,5,4,5,146.69,58.68,F
4401815,9,5,0,3.75,10,40,,,,,,,,,,,,,,0,0,30,30,5,0,0,5,5,5,5,5,0,5,5,5,5,177.75,71.1,C
4411169,10,5,5,5,10,40,,,,,5,10,10,,,,,,10,15,15,30,0,5,10.5,30,5,5,5,5,5,5,5,5,5,5,200.5,80.2,B
4420752,10,5,5,5,10,40,,,20,,,,,,,10,,,,15,15,30,30,5,30,30,5,5,5,5,5,5,5,5,3,5,248,99.2,A
4506395,10,5,5,5,10,31,,,5,15,,5,5,,,,,,,15,15,30,30,5,29,30,5,5,5,5,5,5,5,5,4,5,239,95.6,A
4415221,10,5,5,5,10,0,10,,,,10,10,,,,,,,,15,15,30,30,5,30,30,5,5,5,5,5,5,5,5,5,5,210,84,B
4425181,9.75,5,5,5,10,40,,,,,,10,5,,10,,,,,15,0,15,30,5,30,30,5,5,5,5,5,5,5,5,4,5,233.75,93.5,A
4440055,10,5,5,5,10,40,,,10,,,10,,,,,10,,,15,15,30,30,5,30,30,5,5,5,5,5,5,5,5,4,5,249,99.6,A
4469420,10,5,5,5,10,40,,10,,5,,,5,,,,10,,,15,15,30,30,5,30,30,5,4,5,5,5,4,5,5,4,5,247,98.8,A
4433282,10,5,5,0,10,40,,,,,,20,10,,,,,,,15,15,30,30,5,30,30,5,5,5,5,5,5,4,5,5,5,244,97.6,A
4424364,9.81,5,5,5,10,40,,,,,10,,5,,10,10,,,,15,15,30,30,0,30,30,3.67,5,5,5,5,5,5,5,5,5,243.48,97.39,A
4511215,9.94,5,5,5,10,40,,,,,5,10,,5,,,,,10,15,15,30,30,5,30,30,5,5,5,5,5,4,5,4,5,5,247.94,99.18,A
4421873,10,5,5,5,10,40,,,10,10,,,,,,10,,,,15,15,30,30,5,30,30,5,5,5,5,5,5,5,5,5,4,249,99.6,A
4450825,10,5,5,5,10,40,10,,,5,,,5,5,5,,,,,15,15,30,30,5,30,30,5,5,5,5,5,5,4,5,5,5,249,99.6,A
4424216,10,5,5,5,10,0,,,,5,,,20,,,,,,10,15,15,30,30,5,30,30,5,5,5,5,5,5,5,5,5,5,210,84,B
4446646,10,5,5,5,10,40,,,,,,,,,,,,,,15,15,30,30,5,30,30,5,5,5,5,5,5,5,5,4,5,249,99.6,A
4349155,10,5,5,5,10,40,,,,,,,20,,,,10,,,15,15,30,30,5,29,30,5,5,5,5,5,5,4,5,5,5,248,99.2,A
4482096,9.69,5,5,0,0,0,,,,,,15,,,,,10,,10,15,15,30,30,5,30,30,0,5,5,5,5,5,5,5,5,5,189.69,75.88,C
4439135,9.75,5,5,5,0,40,,,,,,,25,,,,,,10,15,15,30,30,5,30,30,5,5,5,5,5,5,5,5,5,5,239.75,95.9,A
4460071,10,5,5,0,10,40,,5,,10,,,10,,,,,,10,15,15,30,30,5,29,30,5,5,5,5,5,5,4,5,5,5,243,97.2,A
4447828,10,5,5,5,10,40,,,10,10,,,,,,10,,5,,15,15,30,30,5,30,30,5,5,5,5,5,5,5,5,3,5,248,99.2,A
4480086,9.38,5,5,5,10,40,,,,,,10,10,,,10,,,,15,15,30,30,5,30,30,5,5,5,5,5,5,5,5,4,5,248.38,99.35,A
4396451,10,5,0,0,0,40,,,,,,,15,,,,,,15,15,15,30,30,5,30,0,5,5,5,5,0,5,5,5,0,5,190,76,C
4423520,9.94,5,5,5,10,40,,20,5,,,5,,,,,,,,15,15,30,30,5,30,30,5,5,5,4,5,5,4,5,5,5,247.94,99.18,A
4450983,9.63,5,5,0,10,40,,10,,5,,,10,,,,5,,,15,15,30,30,5,30,30,5,0,5,5,5,5,5,0,5,5,234.63,93.85,A
4428114,10,5,5,0,10,40,,,,,10,,10,,,,10,,,15,15,30,30,5,30,30,5,5,5,5,5,5,5,5,5,5,245,98,A
4480087,10,5,5,5,10,0,,,,,,,,,,,,,,0,0,0,30,5,0,0,5,5,5,5,0,4,5,5,5,5,114,45.6,F
4425877,8.94,5,5,5,10,40,,,,,,,15,,,,,,20,15,15,30,0,0,30,0,5,5,5,5,5,5,4,5,5,5,182.94,73.18,C
4461932,10,5,5,5,10,40,,5,,,,,10,,,,,,20,15,15,30,30,5,30,30,4.67,5,5,5,5,0,5,5,5,5,244.67,97.87,A
4510614,10,5,5,5,0,40,,,,10,20,,,,,,,,,15,15,30,22.5,5,29,30,5,5,5,5,5,5,5,5,5,5,231.5,92.6,A
4378025,10,5,5,5,10,40,,30,,,,,,,,,,,,15,15,30,22.5,5,30,30,5,4,5,5,5,0,4,5,5,5,235.5,94.2,A
4509002,10,5,5,5,10,40,,,5,15,,,,,,,,,5,15,0,15,22.5,5,29,30,5,4,5,5,5,5,5,5,5,5,225.5,90.2,A
4478244,10,5,5,5,10,40,,,,,,30,,,,,,,,15,15,30,30,5,21.5,30,5,5,5,5,5,5,5,5,5,5,241.5,96.6,A
4423884,10,5,5,0,10,40,,,10,,,10,,,,,10,,,15,15,30,30,5,30,30,5,5,5,5,5,5,5,5,5,5,245,98,A
4453642,10,5,5,5,10,40,,5,,,,,10,,,,,,20,15,15,30,30,5,22.5,30,5,5,5,5,5,5,4,5,5,5,241.5,96.6,A
4425074,9.5,5,0,5,10,40,,,20,5,5,,,,,,,,,15,15,30,30,5,18,30,5,5,5,5,5,5,5,5,5,4,231.5,92.6,A
4478031,10,5,5,5,10,40,,10,,,,10,10,,,,,,,15,15,30,30,5,30,30,5,5,5,5,5,5,5,5,5,5,250,100,A
4376659,10,5,5,0,10,40,,,,,,,15,,,,20,,,15,15,30,30,5,30,30,4.67,5,5,5,4,5,5,5,0,5,238.67,95.47,A
4438747,9.44,5,5,0,10,40,,,,,,,,,,,,,20,0,15,15,7.5,5,0,30,4.67,5,5,5,5,5,5,5,0,0,166.6,66.64,D
4512221,9.38,5,5,5,10,40,,,,,,,0,,,,,,,0,0,0,30,5,29,30,5,5,5,5,5,5,4,5,5,5,217.38,86.95,B
4383640,10,5,5,5,10,40,,20,,,,10,,,,,,,,15,15,30,30,5,30,30,5,5,5,5,5,5,4,5,5,5,249,99.6,A
4414544,9.89,5,5,0,10,40,,,30,,,,,,,,,,,15,15,30,30,5,30,30,5,5,5,5,5,5,5,5,5,5,244.89,97.96,A
4411036,10,5,5,5,10,40,,,,,,,20,,,,,,10,15,15,30,30,0,30,30,5,5,5,5,5,5,4,5,5,5,244,97.6,A
4481227,10,5,5,5,10,40,,,,10,5,,,,,5,,10,,15,15,30,30,5,18,30,4,5,5,5,5,5,5,5,5,5,237,94.8,A
4462382,10,5,5,5,10,40,,,30,,,,,,,,,,,15,15,30,30,5,18,30,5,5,5,5,5,5,5,5,5,5,238,95.2,A
4517835,10,5,5,5,10,40,,10,,10,10,,,,,,,,,15,15,30,30,5,30,30,5,5,5,5,5,5,4,4,5,5,248,99.2,A
4410992,9.06,5,5,5,10,40,,,,,,,,,,,,,30,15,15,30,30,5,30,30,4.67,5,5,5,5,5,5,5,5,5,248.73,99.49,A
4449551,9.5,5,5,0,10,40,,,,10,5,,5,,,5,,,5,15,15,30,30,5,21.5,30,5,5,5,5,5,5,5,5,5,5,236,94.4,A
4447791,9.75,5,5,2.5,10,40,,,,,,10,10,,,,,,10,15,15,30,30,5,18,30,5,5,5,4,5,5,5,4,5,5,233.25,93.3,A
4471786,10,5,5,5,10,40,,,10,,5,,,,5,10,,,,15,15,30,30,5,30,30,5,5,5,5,5,5,5,5,5,5,250,100,A
4384347,10,5,5,5,10,40,,20,,,,,,,,,,,10,15,15,30,30,5,0,30,5,4,5,5,5,5,5,5,5,5,219,87.6,B
4459537,10,5,5,5,10,40,,,,,10,,5,,,15,,,,15,15,30,30,5,30,30,5,5,5,5,5,5,5,5,5,5,250,100,A
4418658,9.75,5,5,5,10,40,,,,,20,,,,,,,,10,15,15,30,30,5,30,30,5,5,5,5,5,5,5,5,5,4,248.75,99.5,A
4414157,9.38,5,5,5,0,40,,15,,,5,,,,,,,10,,15,15,30,30,0,30,0,0,4,5,5,0,5,4,4,0,5,186.38,74.55,C
4406538,10,5,5,5,0,0,,,10,,,20,,,,,,,,15,15,30,30,5,30,0,5,5,5,5,5,5,4,5,5,5,169,67.6,D
4511618,10,5,5,0,10,40,,,,,10,10,,,,,10,,,15,15,30,30,5,29,30,5,5,5,5,5,5,5,5,5,5,244,97.6,A
4459985,10,5,5,5,0,37,,,10,10,,,,,,10,,,,15,15,30,30,5,29,30,5,5,5,5,5,5,5,5,5,5,236,94.4,A
4466875,10,5,5,5,0,30,,,,,,,15,,,,,,20,15,15,30,30,5,30,0,5,5,5,5,5,5,5,5,5,5,200,80,B
4389042,6.38,5,5,5,10,40,,10,,,,,10,,,,,,5,15,0,15,30,5,30,30,5,5,5,5,5,5,4,5,5,5,230.38,92.15,A
4509847,9.64,5,5,5,0,40,,,20,,,,,,,10,,,,15,15,30,30,5,30,30,5,5,5,5,5,5,5,4,5,5,238.64,95.46,A
4469883,10,5,5,0,10,30,,,,,10,5,,,,,,,15,15,15,30,30,5,0,30,5,5,5,5,5,5,5,5,5,5,205,82,B
4427708,10,5,5,5,10,0,,,,,,,15,,,,,,15,15,15,30,30,5,30,30,5,5,5,5,5,5,5,5,5,5,210,84,B
4385391,10,5,5,5,10,40,,,,,,5,10,,,,,,15,15,15,30,30,5,15,30,5,5,5,5,4,5,4,5,4,5,232,92.8,A
4403749,10,5,5,5,10,40,,,,20,,,5,10,,,,,,15,15,30,30,5,30,30,5,5,5,5,5,5,5,5,5,5,250,100,A
4449240,8.25,5,5,0,0,40,,,,15,,,,,,,,,15,15,15,30,30,5,30,0,5,5,0,5,5,5,5,5,5,5,198.25,79.3,C+
4512320,9.13,5,5,0,10,30,,,10,,,10,,,10,,,,,15,15,30,0,5,30,30,3.67,4,5,5,5,5,3,5,3,4,196.79,78.72,C+
4425871,10,5,5,2.5,10,40,,10,,10,5,5,,,,,,,,15,15,30,30,5,30,30,4.67,5,5,5,5,5,4,5,5,5,246.17,98.47,A
4480968,10,5,5,5,10,40,,,,,,,30,,,,,,,15,15,30,30,5,30,30,5,5,5,5,5,5,5,5,5,5,250,100,A
4481894,9.5,5,5,0,10,40,,10,,,,10,,,,10,,,,15,15,30,22.5,5,0,30,5,5,5,5,5,5,5,5,5,5,207,82.8,B
4461360,9.75,5,5,5,10,0,,,10,5,15,,,,,,,,,15,15,30,30,5,30,30,5,5,5,5,5,5,5,5,4,5,208.75,83.5,B
4413826,9.75,5,5,3.75,10,40,,,,5,10,5,10,,,,,,,15,15,30,30,5,30,30,5,5,5,5,5,5,5,5,5,5,248.5,99.4,A
3868783,9.95,5,5,0,10,40,,,,10,,,10,,,,10,,,15,15,30,0,0,30,30,5,5,5,5,5,5,5,5,5,4,208.95,83.58,B
4454833,9.25,5,5,0,10,40,,10,20,,,,,,,,,,,15,15,30,30,5,30,30,5,5,5,5,5,5,5,5,4,5,243.25,97.3,A
4406736,10,5,5,5,10,0,,,,,,10,10,,,,,,10,15,15,30,30,0,30,30,5,5,5,5,5,5,5,5,4,5,204,81.6,B
4446204,9.88,5,5,5,0,40,,,,,0,30,,,,,,,,15,15,30,18,5,30,30,5,5,5,5,5,5,5,5,5,5,227.88,91.15,A
4384532,10,5,5,5,10,40,10,,10,10,,,,,,,,,,15,15,30,30,5,30,30,5,5,5,5,5,5,5,5,5,5,250,100,A
4405515,10,5,5,5,10,40,,,,,5,5,10,5,5,,,,,15,15,30,30,5,30,30,5,4,5,5,5,5,5,5,3,5,247,98.8,A
4423615,9.25,5,5,5,10,40,,,,10,10,,,,,,,,10,15,15,30,30,5,30,30,5,5,5,5,5,5,5,4,5,5,248.25,99.3,A
4412270,10,5,5,0,10,40,,10,,,,,5,,,,,10,,15,0,15,30,5,30,30,5,5,5,5,5,5,5,5,5,5,230,92,A
4424187,9.63,5,5,5,10,40,,,,,5,,10,,10,10,,,,15,15,30,30,5,30,30,5,5,5,5,5,5,5,5,5,5,249.63,99.85,A
3980820,9.25,5,5,5,10,0,10,,,,,10,,,,,10,,,15,15,30,30,5,30,30,5,5,5,5,5,5,5,5,0,5,204.25,81.7,B
4447640,9.44,5,5,5,10,40,,10,,,,10,,,,,,,10,15,15,30,15,5,30,30,5,4,5,5,5,5,4,5,5,5,232.44,92.98,A
4473668,9.38,5,3.75,5,10,40,,,,,15,,,,,5,10,,,15,15,30,30,5,30,30,5,5,5,5,5,5,5,5,4,5,247.13,98.85,A
4419486,10,5,5,5,10,40,,,,20,,,10,,,,,,,15,15,30,30,5,18,30,5,5,5,5,5,5,4,5,5,5,237,94.8,A
4380891,10,5,5,5,10,40,,,,10,10,,,,10,,,,,15,15,30,30,5,30,30,5,5,5,5,5,5,4,0,5,5,244,97.6,A
4421858,9.69,5,3.75,5,10,40,,,,,,,15,,,,,,20,15,15,30,30,5,18,30,4.67,5,5,5,5,5,5,5,4,5,235.1,94.04,A
4420777,9.75,5,5,5,10,40,,,,,,20,,,,10,,,,15,15,30,30,5,14,30,5,4,5,5,5,5,5,5,5,5,232.75,93.1,A
4418178,9.19,5,0,0,10,30,,,,,,,15,,,,,,15,15,15,30,22.5,0,30,0,4.67,0,5,5,5,5,2,5,3,0,171.35,68.54,D+
4481589,9.25,5,5,5,10,40,,10,,,,10,,,,,,,10,15,15,30,30,5,30,30,5,5,5,5,5,5,4,4,5,5,247.25,98.9,A
4457721,10,5,5,5,10,40,,10,5,15,,,,,,,,,,15,15,30,30,5,30,30,5,5,5,5,5,5,5,5,5,5,250,100,A
4513730,9.5,5,5,5,10,40,10,,,,,,,,,20,,,10,0,15,15,0,5,30,30,5,5,5,5,5,4,4,5,3,5,200.5,80.2,B
4482826,9.69,5,5,5,10,40,,,,,,,15,,,,,,,15,0,15,30,5,30,30,4,5,5,5,5,5,0,4,5,5,227.69,91.08,A
4511549,10,5,5,0,10,40,,10,,,,10,,,,,10,,,15,15,30,22,0,0,30,5,5,5,5,5,5,0,0,5,5,192,76.8,C
4476675,10,5,5,5,10,40,,,,10,10,10,,,,,,,,15,15,30,30,5,30,30,5,5,5,5,5,5,5,5,5,5,250,100,A
4507644,9.75,5,5,0,10,33,,10,,5,5,,,,,,10,,,15,15,30,30,5,0,30,4,0,5,5,5,5,4,5,4,5,199.75,79.9,C+
4451899,10,5,5,5,10,0,,,,5,5,,10,,,,,,5,15,0,15,30,5,30,30,5,4,5,5,5,5,5,5,4,5,193,77.2,C
4418081,9.75,5,5,5,0,40,,,,20,,,,,10,,,,,15,15,30,30,5,30,30,5,5,5,5,5,5,5,5,4,5,238.75,95.5,A
4415943,10,5,5,5,10,40,,,,,,,,,,,,,,0,0,0,30,5,30,30,5,5,5,5,5,5,5,4,4,5,218,87.2,B
4453741,10,5,5,0,10,40,10,,10,,,,,,,,,,,15,0,15,30,5,30,30,5,5,5,5,5,5,5,5,5,5,230,92,A
4470883,9.06,5,5,0,10,40,,,,,,,,,,,,,,0,0,0,16,0,30,30,5,5,5,5,5,5,4,5,5,5,194.06,77.63,C
4471736,10,5,5,5,0,40,,,,,,,,,,,,,,15,15,30,30,5,30,30,5,5,5,5,5,5,5,5,5,5,240,96,A
4461992,10,5,5,3.75,10,0,,20,10,,,,,,,,,,,15,15,30,30,5,30,30,5,5,5,0,5,0,5,5,5,0,193.75,77.5,C
4375851,10,5,5,5,10,40,,10,,,10,,,,,,,,,15,0,15,30,0,30,30,5,5,5,5,5,4,4,5,5,5,228,91.2,A
4428008,9.81,5,5,5,10,40,,10,5,,,,,,,,,,30,15,15,30,30,5,30,30,5,5,5,5,5,5,5,5,5,5,249.81,99.93,A
4454568,10,5,5,5,10,40,,10,,,,5,,,10,5,,,,15,15,30,30,5,30,30,5,5,5,5,5,5,4,5,5,5,249,99.6,A
4417142,7.69,5,5,5,10,40,,,,,,,15,,,,,,,15,0,15,30,5,29,30,5,5,5,5,5,5,4,5,5,5,230.69,92.28,A
4420004,10,5,5,5,10,40,,,,,5,,5,,,,5,,5,0,0,0,30,5,30,30,5,5,5,5,5,5,5,5,5,5,220,88,B+
4471882,9.19,5,5,5,10,40,,,,,5,5,5,,,10,10,,,15,15,30,30,5,30,30,5,5,5,5,4,5,5,5,4,5,247.19,98.88,A
4405647,10,5,5,0,10,40,,,,10,,,10,,10,,,,,15,15,30,30,5,30,30,4,5,5,5,5,5,5,5,5,5,244,97.6,A
4385300,9.5,5,5,5,10,40,,10,10,,,,,,10,,,,,15,15,30,30,5,30,30,5,5,5,5,5,5,5,4,5,5,248.5,99.4,A
4384247,9.75,5,5,0,10,40,,,,,,,5,,,,,,10,0,0,0,30,0,0,30,4.67,5,5,5,5,5,5,4,5,5,178.42,71.37,C
4512423,0,5,5,5,10,0,,,10,10,10,5,,,,,,,,15,15,30,30,5,30,30,4.67,5,5,5,5,5,5,5,5,0,194.67,77.87,C
4366579,10,5,5,5,10,40,,,,,,10,10,,,,,,10,15,15,30,30,5,30,30,5,5,5,5,5,5,5,5,5,5,250,100,A
4381376,9.38,5,5,5,10,40,,,,,,,5,,,,,,,0,0,0,30,5,30,30,4.67,5,5,5,5,5,5,0,5,5,214.04,85.62,B
4380085,9.75,5,5,0,10,36,,,20,,,,10,,,,,,,15,15,30,30,5,30,30,5,5,5,5,5,5,5,5,5,5,240.75,96.3,A
4477894,10,5,5,5,10,40,,,,0,,10,10,,,10,,,,15,15,30,30,5,30,30,5,5,5,5,5,5,5,5,5,5,250,100,A
4472372,10,5,3.75,5,10,40,,,5,,,,15,,5,5,,,,15,15,30,22.5,5,22.5,30,4,5,5,5,5,5,4,5,5,5,231.75,92.7,A
4477527,9.75,5,5,5,10,40,,10,10,,,,,,10,,,,,15,15,30,30,5,30,30,4,5,5,5,5,5,5,5,4,5,247.75,99.1,A
4382928,10,5,5,0,10,40,,,,20,,,,,,,,10,,15,15,30,30,0,30,30,5,5,5,5,5,5,5,5,5,5,240,96,A
4419702,9.81,5,5,5,0,40,,10,5,,15,,,,,,,,,15,15,30,30,5,29,30,5,5,5,5,5,4,5,5,5,5,237.81,95.13,A
4417470,10,5,5,5,10,40,,,,,,,15,5,10,,,,,15,15,30,30,5,30,30,5,5,5,5,5,5,4,5,5,5,249,99.6,A
4482317,9.5,5,5,0,10,40,,,,,,,,,,,10,,5,0,15,15,30,0,29,30,4,5,5,5,5,5,5,5,5,5,222.5,89,B+
4374402,10,5,5,5,0,40,,,,,,,10,,,,10,,10,0,15,15,30,5,30,0,5,0,5,5,5,5,4,0,5,5,184,73.6,C
4457220,9.94,5,0,0,10,0,,,,,,,,,,,,,,0,0,0,0,0,30,30,5,5,5,5,4,4,5,4,4,0,125.94,50.38,F
4459651,10,5,5,5,10,40,,,,,20,10,,,,,,,,15,15,30,30,5,30,30,5,4,5,5,5,5,5,5,5,5,249,99.6,A
4454669,10,5,5,5,10,40,10,,5,,,,,,,,,,15,15,15,30,30,5,30,30,5,5,5,5,5,5,5,5,5,5,250,100,A
4513723,9.94,5,5,5,10,40,,,,,,30,,,,,,,,15,15,30,30,5,18,30,5,5,5,5,5,5,5,5,5,5,237.94,95.18,A
4482963,10,5,5,5,10,40,,,,,5,10,10,,,,,5,,15,15,30,30,3.75,30,30,5,5,5,4,5,5,5,5,4,5,246.75,98.7,A
4507237,9.5,5,5,5,10,40,,15,,,,,,5,,5,,,5,15,15,30,30,5,30,30,5,5,5,5,5,4,5,5,4,5,247.5,99,A
4434544,10,5,5,5,10,40,,5,,,,,10,,,,,,20,15,15,30,30,5,30,30,5,5,5,5,5,5,5,5,5,5,250,100,A
4472605,10,5,5,5,10,40,,10,5,,,5,,,,,,10,,15,15,30,30,5,30,30,5,5,5,5,5,5,5,5,5,5,250,100,A
4463435,9.75,5,0,5,0,0,,,,5,,,10,,,,,10,5,15,15,30,30,5,30,30,0,5,5,5,5,5,4,5,1,5,184.75,73.9,C
4426792,9.94,5,5,5,10,40,,,,,15,,,,,,,,15,15,15,30,22.5,5,29,30,5,5,5,5,5,5,5,5,0,5,236.44,94.58,A
4464099,10,5,5,5,10,40,,,,10,10,10,,,,,,,,15,15,30,30,5,30,30,5,5,5,5,5,5,5,5,5,5,250,100,A
4469542,10,5,5,5,10,40,,,,,5,5,5,5,10,,,,,15,15,30,30,5,22.5,30,5,5,5,5,5,5,4,5,5,5,241.5,96.6,A
4461972,10,5,5,3.75,10,0,,10,,,5,,,,,5,,,10,15,15,30,30,5,30,30,5,5,5,5,5,4,5,4,2,5,203.75,81.5,B
4481543,10,5,0,5,10,40,,,,,,20,,,10,,,,,15,15,30,30,0,30,30,5,5,5,5,5,5,5,5,5,5,240,96,A
4372860,10,5,0,0,10,40,,0,,,,,,,,,,,,0,0,0,22.5,5,0,30,5,5,5,5,5,5,5,5,5,5,172.5,69,D+
4419078,10,5,5,5,10,40,,,20,,10,,,,,,,,,15,15,30,30,5,30,30,5,5,5,5,5,5,5,5,4,5,249,99.6,A
4415722,10,5,5,5,10,40,,,,,,,0,,,,,,,0,0,0,30,5,30,30,5,5,5,5,5,5,5,5,5,5,220,88,B+
4379253,10,5,0,5,10,40,,,,,,,5,,,,,,15,0,15,15,30,5,30,30,5,5,5,5,5,5,4,5,5,5,229,91.6,A
4468521,10,5,5,5,10,40,,,10,,,10,,,,,,,10,15,15,30,30,5,30,30,4.67,5,5,5,5,5,5,5,5,5,249.67,99.87,A
4428187,10,5,5,5,10,40,,,10,10,,,,,,10,,,,15,15,30,30,5,30,30,5,5,5,5,5,5,5,5,5,5,250,100,A
4525039,0,5,5,5,10,0,,,,10,,,5,,,,,,,15,0,15,30,5,30,30,4,5,5,5,5,5,0,5,5,5,179,71.6,C
4418307,10,5,5,5,10,0,,,10,,,10,,,,,10,,,15,15,30,30,5,30,30,5,5,5,5,5,5,5,5,5,5,210,84,B
4405217,10,5,5,5,10,40,,,,,,10,0,5,,,,,,0,0,0,30,5,30,30,5,5,5,5,5,4,4,5,5,5,218,87.2,B
4424574,9.75,5,5,5,10,40,,0,,,,,,,,,,,,0,0,0,30,5,30,30,5,5,5,5,5,5,5,5,5,5,219.75,87.9,B
4413898,9.25,5,5,5,10,40,10,,,,5,,,,5,10,,,,15,15,30,30,5,29,30,5,5,5,5,5,5,5,4,5,5,247.25,98.9,A
4428364,9.63,5,5,5,10,40,,,,,,,10,,20,,,,,0,15,15,30,5,30,30,5,5,5,5,5,5,5,5,5,5,234.63,93.85,A
4479820,10,5,5,5,10,33,,,,,,15,,,,,,,10,15,0,15,30,0,30,30,5,5,5,5,5,5,5,5,5,5,223,89.2,B+
4361170,9.69,5,5,5,0,40,,,,,,20,,,,,,,10,15,15,30,30,5,15,30,5,5,5,0,5,5,2,5,4,4,214.69,85.88,B
4266191,9.75,5,5,5,10,40,,10,,,,,5,,,,,,,15,0,15,30,5,30,30,5,5,5,5,5,5,4,5,5,5,233.75,93.5,A
4459613,10,5,5,0,10,40,,,,10,10,,,,10,,,,,15,15,30,30,5,30,30,5,5,5,5,5,5,5,5,5,5,245,98,A
4448322,10,5,5,5,10,40,,10,10,,,,,,,,,10,,15,15,30,30,5,30,30,5,5,5,5,5,5,5,5,5,5,250,100,A
4469427,10,5,5,0,10,30,,10,,,,5,,,5,,,,20,15,15,30,30,5,30,30,5,5,5,5,5,5,5,5,5,0,230,92,A
4473729,10,5,5,5,10,40,,,5,5,10,,,,,,,10,,15,15,30,30,5,30,30,5,5,5,5,5,5,5,5,5,5,250,100,A
4460025,10,5,5,5,10,40,,10,,,,5,,,,10,,5,,15,15,30,30,5,30,30,5,5,5,5,5,5,5,5,5,5,250,100,A
4462863,9.69,5,5,5,10,40,,5,10,5,10,,,,,,,,,15,15,30,30,5,30,30,5,5,5,5,5,5,5,4,5,5,248.69,99.48,A
4510780,9.94,5,5,5,0,20,,,,,,10,10,,10,,,,,15,15,30,30,5,30,0,5,5,5,5,5,5,5,5,5,5,189.94,75.98,C
4521493,10,5,5,5,0,0,,,,,10,5,,,,,,,15,15,15,30,30,5,30,30,5,5,5,5,5,5,4,5,5,5,199,79.6,C+
4457679,10,5,5,5,10,40,,,5,5,5,5,,10,,,,,,15,15,30,30,5,30,30,5,5,5,5,5,5,5,5,5,5,250,100,A
4467784,10,5,5,5,10,40,,,,,,10,20,,,,,,,15,15,30,30,5,30,30,5,5,5,5,5,5,4,5,5,5,249,99.6,A
4510403,10,5,5,0,10,0,,,5,5,5,,,,,,,,15,15,15,30,30,5,30,30,5,5,5,5,5,5,4,5,5,5,204,81.6,B
4461175,10,5,5,5,10,40,,,10,,20,,,,,,,,,15,15,30,30,5,30,30,5,5,5,0,5,5,5,5,4,5,244,97.6,A
4425967,9.19,5,5,5,10,40,,,,,,10,5,,,,15,,,15,15,30,30,5,30,30,5,4,5,5,5,5,5,5,4,5,247.19,98.88,A
4418005,9.75,5,5,5,10,40,,30,,,,,,,,,,,,15,15,30,30,5,0,30,5,5,5,5,5,5,5,5,4,5,218.75,87.5,B
4381809,6.44,5,5,5,0,0,,,,,,20,,,,,,,10,15,15,30,30,5,29,30,0,2,5,5,5,5,5,5,5,5,187.44,74.98,C
4370557,10,5,5,5,10,40,10,,,,5,5,5,,5,,,,,15,15,30,30,5,30,30,5,5,5,5,5,5,5,5,5,5,250,100,A
4482833,9.5,5,5,5,10,40,,,20,10,,,,,,,,,,15,15,30,22.5,5,22.5,30,5,4,5,5,5,5,5,5,5,5,233.5,93.4,A
4139815,10,5,5,5,10,30,,10,,,5,5,5,5,,,,,,15,15,30,30,5,30,30,5,5,5,4,5,5,5,5,5,4,238,95.2,A
4419583,9.75,5,5,5,10,40,,,10,10,,,10,,,,,,,15,15,30,30,5,30,30,5,5,5,5,5,5,5,5,5,5,249.75,99.9,A
4406814,10,5,5,5,10,40,,10,,,10,,,,,,,10,,15,15,30,30,0,30,30,5,5,5,5,5,5,5,5,4,5,244,97.6,A
4418755,9.5,5,5,5,0,40,,,10,,,,5,,,,,15,,15,15,30,30,5,30,0,5,5,5,5,5,5,4,5,5,5,208.5,83.4,B
4420903,10,5,5,5,10,40,,,,,,10,5,,20,,,,,15,15,30,30,5,30,30,5,5,5,5,5,5,5,5,5,5,250,100,A
4512768,10,5,5,5,10,40,,,,,10,,10,,,,,,10,15,15,30,30,5,0,30,5,5,5,5,5,5,5,5,3,5,218,87.2,B
4457626,9.25,5,5,5,10,40,,,,,,,30,,,,,,,15,15,30,30,5,30,30,5,5,5,0,4,0,4,5,0,5,232.25,92.9,A
4419543,10,5,5,0,10,40,,10,,5,,,,,,10,5,,,15,15,30,30,5,30,30,5,5,5,5,5,5,5,5,5,5,245,98,A
4417552,9.81,5,5,5,10,40,,10,,,,,10,,,,,10,,15,15,30,30,5,0,30,5,5,5,5,5,5,5,5,5,5,219.81,87.93,B
4383178,10,5,5,5,10,40,,,,,,,15,,,,,,20,15,15,30,30,5,30,30,5,5,5,5,4,4,5,5,3,5,246,98.4,A
4427109,10,5,5,5,0,40,,,,,,20,,,,,,,10,15,15,30,30,5,30,30,5,5,5,5,5,5,5,5,5,5,240,96,A
4433280,10,5,5,0,0,0,,,,,,,,,,,,,,0,0,0,15,5,30,0,4,5,5,5,5,5,5,5,5,0,114,45.6,F
4465336,9.89,5,5,5,10,0,,,,,,,15,,,,,,15,15,15,30,30,5,30,0,5,5,5,5,5,5,5,5,5,5,179.89,71.96,C
4514215,10,5,5,5,10,40,,10,5,,5,5,5,,,,,,,15,15,30,30,5,0,30,5,5,5,5,5,5,5,5,5,5,220,88,B+
4427293,10,5,5,5,10,40,,,10,,,10,10,,,,,,,15,15,30,30,5,30,30,5,5,5,5,5,5,4,5,5,5,249,99.6,A
4419137,9.38,5,5,5,10,40,,,,,15,,,,,,,,,15,0,15,30,5,30,30,5,5,5,5,5,5,5,5,4,5,233.38,93.35,A
4477837,9.94,5,5,5,10,0,,,10,,,10,,,,,10,,,15,15,30,24,5,18,30,5,5,5,5,5,5,4,5,5,5,190.94,76.38,C
4437415,10,5,5,3.75,0,40,,,,,,10,5,,,,,,15,15,15,30,22.5,0,22.5,30,5,5,5,5,5,5,5,5,5,5,218.75,87.5,B
4370270,9.75,5,5,5,10,40,,,,10,10,10,,,,,,,,15,15,30,30,0,0,30,4.67,5,5,5,5,5,5,5,5,5,214.42,85.77,B
4367015,10,5,5,5,10,40,,,,,,20,,,,,,,10,15,15,30,30,5,0,30,4.67,5,5,5,5,5,5,5,5,5,219.67,87.87,B
4412784,10,5,2.5,5,10,40,,,,,,,15,,,,,,15,15,15,30,30,5,0,30,5,5,5,5,5,5,5,5,4,5,216.5,86.6,B
4420878,10,5,5,5,10,40,,30,,,,,,,,,,,,15,15,30,30,5,30,30,5,5,5,5,5,5,5,5,5,5,250,100,A
4407518,10,5,5,5,10,40,,10,,,,10,,,,,,10,,15,15,30,30,5,30,30,5,5,5,5,5,5,5,5,5,3,248,99.2,A
4510339,9.63,5,5,5,10,40,,10,,,,10,,,5,5,,,,15,15,30,30,5,30,30,5,5,5,5,5,5,5,5,5,5,249.63,99.85,A
4470281,9.63,5,5,5,10,40,,,,,,15,,,,,,,20,15,15,30,30,5,30,30,4.67,5,5,5,5,5,5,5,5,5,249.29,99.72,A
4462699,9.81,5,5,0,10,40,,,,,,,,,,,,,30,0,15,30,30,5,30,30,5,5,5,5,5,5,5,5,5,5,244.81,97.93,A
4426348,9.75,5,5,0,0,0,,,,,,,15,,,,,20,,15,15,30,30,5,30,30,5,5,5,5,0,5,5,5,5,5,189.75,75.9,C
4417964,10,5,5,5,10,40,,,,,,,20,,,10,,,,15,15,30,30,0,18,30,5,4,5,5,5,4,5,5,5,5,231,92.4,A
4384283,9.75,5,5,5,10,40,,10,,5,,10,5,,,,,,,15,15,30,30,5,30,30,5,5,5,5,5,5,5,4,5,5,248.75,99.5,A
4483150,9.44,5,5,0,0,0,,,,,10,5,,,,,,,15,15,15,30,30,5,30,30,4.33,5,5,5,5,5,5,0,5,5,188.77,75.51,C
4419936,9.38,5,5,5,10,30,,,,,,10,10,,,,,,10,15,15,30,30,5,29,30,5,5,5,5,5,5,4,5,5,5,237.38,94.95,A
4419098,10,5,5,5,10,40,,,5,5,10,,5,,5,,,,,15,15,30,30,5,30,30,5,5,5,5,5,5,5,5,5,5,250,100,A
4445958,9.88,5,5,5,0,40,,10,10,,,,,,,,10,,,15,15,30,30,5,30,30,5,5,5,5,5,5,0,5,5,0,229.88,91.95,A
4391958,10,5,5,5,10,40,,,10,,,10,10,,,,,,,15,15,30,30,0,30,30,5,5,5,5,5,5,5,5,5,5,245,98,A
4426830,9.56,5,5,5,10,40,,,,,,,,,,,,,20,0,15,15,30,5,30,30,5,5,5,4,5,5,4,5,5,5,232.56,93.03,A
4431649,9.63,5,5,5,10,40,,,,30,,,,,,,,,,15,15,30,30,5,29,30,5,5,5,5,5,5,5,5,3,5,246.63,98.65,A
4508306,10,5,5,5,0,40,,10,,,10,10,,,,,,,,15,15,30,30,5,30,30,4,5,5,5,5,5,5,5,5,5,239,95.6,A
4418651,10,5,5,5,10,40,,,15,,,,,,10,,,,,15,15,30,30,0,30,30,5,5,5,5,5,5,5,5,0,5,240,96,A
4481358,7.88,5,3.75,0,10,40,,,20,,,,,,,,,,10,15,15,30,22.5,5,22.5,30,5,5,0,5,5,5,5,5,0,5,216.63,86.65,B
4286364,10,5,5,5,0,40,,,,,0,5,10,,,,10,5,,15,15,30,30,5,30,30,5,5,5,5,5,5,5,5,5,5,240,96,A
4479164,10,5,5,5,0,40,,,,10,,10,,,,,,,10,15,15,30,30,5,30,30,5,5,5,5,5,5,5,5,5,5,240,96,A
4392872,9.5,5,5,5,10,40,,,,,,5,,,,,20,,,0,15,15,15,5,0,30,5,5,5,5,5,5,5,5,5,5,189.5,75.8,C
4424799,10,5,5,5,0,40,10,,,,,5,5,5,5,5,,,,15,15,30,30,5,30,30,5,5,5,5,5,5,5,0,5,5,235,94,A
4419951,10,5,5,5,10,40,,,,,10,5,,,,10,,,5,15,15,30,30,0,30,30,5,5,5,5,5,5,5,5,5,5,245,98,A
4406549,9.69,5,5,5,10,40,,,,,5,15,,,,,,,10,15,15,30,30,5,30,30,5,3,5,5,5,5,5,5,5,5,247.69,99.08,A
4478205,9.63,5,5,5,10,40,,,,,20,,,,,,10,,,15,15,30,30,0,30,30,5,5,5,5,5,5,5,5,5,5,244.63,97.85,A
4418072,10,5,5,5,10,40,,30,,,,,,,,,,,,15,15,30,30,5,30,30,5,5,5,5,5,5,4,5,4,5,248,99.2,A
4461669,9.88,5,5,5,10,40,,5,,10,,,,,,,,,,15,0,15,30,5,0,30,4,5,5,5,5,4,5,5,5,5,202.88,81.15,B
4375239,9.63,5,5,5,10,40,,,,,,,5,,,10,,10,,0,15,15,30,0,18,30,3.67,5,5,4,5,5,5,5,5,5,215.29,86.12,B
4506360,10,5,5,5,10,0,,,,,10,20,,,,,,,,15,15,30,30,5,30,30,5,4,5,5,5,5,5,5,5,5,209,83.6,B
4473755,9.63,5,5,0,10,0,,,,,,,,,,10,,,,0,0,0,30,5,30,30,5,5,5,5,5,5,5,5,5,5,174.63,69.85,D+
4424148,9.81,5,5,5,10,40,,,,,10,10,,,10,,,,,15,15,30,30,5,30,30,5,5,5,5,5,5,5,5,5,0,244.81,97.93,A
4426368,9.88,5,5,5,0,40,,,,5,5,,5,,,5,10,,,15,15,30,22.5,5,30,30,5,4,5,5,5,5,4,5,5,5,230.38,92.15,A
4465005,10,5,5,5,10,40,,10,10,10,,,,,,,,,,15,15,30,30,5,30,30,5,5,5,5,5,5,5,5,5,5,250,100,A
4461605,7.75,5,5,5,10,0,,,,,10,,5,,,,,,20,15,15,30,30,5,30,30,0,5,5,4,5,5,5,5,5,5,201.75,80.7,B
4471585,10,5,5,5,10,0,,,10,10,,,,,,,10,,,15,15,30,30,5,18,30,4,5,5,4,5,5,5,5,5,5,196,78.4,C+
4466591,10,5,5,5,10,0,10,5,,,,,,,,,,,,15,0,15,30,5,0,30,5,5,5,5,5,5,5,5,5,5,165,66,D
4477075,10,5,5,5,10,30,,,10,,20,,,,,,,,,15,15,30,0,5,0,30,5,5,5,5,5,5,5,5,5,5,180,72,C
4466894,9.5,5,5,5,0,40,,,,,,10,5,,,,,10,5,15,15,30,30,5,30,30,5,5,5,5,5,5,4,5,5,5,238.5,95.4,A
4503816,10,5,5,5,10,40,,5,,,,15,10,,,,,,,15,15,30,30,5,30,30,5,5,5,5,5,5,5,5,5,5,250,100,A
4421338,10,5,5,5,10,40,,20,10,,,,,,,,,,,15,15,30,30,5,30,30,5,5,5,5,5,5,5,5,4,5,249,99.6,A
4460578,9.75,5,5,5,0,40,,10,,10,,,,5,,,,,5,15,15,30,30,5,0,30,5,5,5,5,5,5,5,5,5,5,209.75,83.9,B
4438717,10,5,5,5,0,40,,,10,10,,,,,,,10,,,15,15,30,30,5,30,30,4.67,5,5,5,5,5,5,5,5,5,239.67,95.87,A
4417559,10,5,5,0,10,0,,,,,,10,10,,10,,,,,15,15,30,30,5,30,30,5,5,5,5,5,5,5,4,5,5,204,81.6,B
4374535,9.75,5,5,5,10,40,,,,,,,,,,,,,,0,0,0,30,5,30,30,5,5,5,5,5,5,5,5,5,5,219.75,87.9,B
4460586,10,5,5,5,10,40,,,,,,5,10,,,,10,,0,15,0,15,30,5,30,30,5,5,5,5,5,4,5,5,5,4,233,93.2,A
4515526,9.51,5,0,5,0,0,,,10,,,10,,,,,,,20,15,15,30,30,5,30,30,5,5,5,5,5,5,5,5,5,5,194.51,77.81,C
4510498,10,5,5,5,10,40,,,,,,5,10,,,,,,,15,0,15,0,5,30,30,5,5,0,5,5,5,5,5,5,5,200,80,B
4444916,10,5,5,5,10,40,,30,,,,,,,,,,,,15,15,30,13,0,29,30,5,5,5,5,5,5,5,5,5,5,227,90.8,A
4428171,10,5,5,5,10,0,,,,,,10,10,,,,,,10,15,15,30,0,5,30,0,4,0,5,5,5,4,5,4,4,5,141,56.4,F
4424087,10,5,5,5,10,40,,,,,,20,10,,,,,10,,15,15,30,30,0,30,30,5,5,5,5,5,5,5,5,4,5,244,97.6,A
4433664,10,5,5,3.75,10,40,,,,,,10,10,,,10,,,,15,15,30,30,5,15,30,5,5,5,4,5,5,4,5,5,5,231.75,92.7,A
4413921,8.88,5,5,0,10,40,,,,10,,10,,,,10,,,,15,15,30,30,5,30,30,5,4,5,5,5,5,5,4,5,5,241.88,96.75,A
4508615,10,5,5,5,10,0,,,,5,,10,,,,,,,5,15,0,15,30,5,0,30,5,5,5,5,5,5,5,5,1,5,161,64.4,D
4482621,9.75,5,5,5,10,40,,5,,,,5,5,,,,,,15,15,15,30,30,5,18,30,5,5,5,5,5,5,5,5,4,5,236.75,94.7,A
4420705,9.75,5,5,5,10,40,,10,10,,,10,,,,,,,,15,15,30,30,5,30,30,5,5,5,5,5,5,5,5,5,5,249.75,99.9,A
4423904,9.75,5,5,5,0,40,,10,,,5,,,,,,,,15,15,15,30,30,5,10.5,30,5,5,5,5,5,5,5,5,5,5,220.25,88.1,B+
4420829,10,5,5,5,10,40,,,10,,10,10,,,,,,,,15,15,30,30,5,30,30,5,5,5,5,5,5,4,5,5,5,249,99.6,A
4512274,10,5,5,5,10,40,,,10,,,,10,,10,,,,,15,15,30,30,5,30,30,5,5,5,5,5,5,4,5,5,5,249,99.6,A
4477835,10,5,5,5,10,40,,,,,,,,,,5,10,,,0,15,15,30,0,30,30,5,5,5,5,5,5,5,5,5,5,230,92,A
4409999,10,5,5,5,10,40,,10,5,,5,,,,,,10,,,15,15,30,30,5,30,30,5,5,5,4,4,5,4,5,5,4,246,98.4,A
4413834,9.75,5,5,5,10,40,,10,10,,,,5,,5,,,,,15,15,30,30,5,30,30,4.67,5,5,5,5,5,5,5,5,5,249.42,99.77,A
4466264,10,5,5,5,10,18,,,10,10,,,,,,10,,,,15,15,30,30,5,30,30,5,5,5,5,5,5,5,5,5,5,228,91.2,A
4421048,0,5,5,5,10,40,,,,,,,15,,,,,10,10,15,15,30,30,5,29,30,5,5,5,5,5,5,5,5,5,5,239,95.6,A
4407531,9.63,5,5,5,10,40,,,,10,10,10,,,,,,,,15,15,30,22.5,5,30,30,5,5,5,5,0,5,4,5,5,5,236.13,94.45,A
4419711,10,5,5,5,10,40,,,,,,10,20,,,,,,,15,15,30,30,5,30,30,4,5,5,5,5,5,5,5,3,5,247,98.8,A
4416556,10,5,5,5,10,40,,30,,,,,,,,,,,,15,15,30,30,5,30,30,5,4,5,5,5,5,5,5,4,5,248,99.2,A
4502540,0,5,5,5,10,0,,,,,,,20,,,10,,,,15,15,30,30,5,30,30,4.67,5,5,5,5,5,5,5,4,5,198.67,79.47,C+
3828204,10,5,5,5,10,0,,10,,,5,,,,,,,,,15,0,15,30,5,30,30,5,5,5,5,5,5,5,5,5,5,195,78,C+
4514230,10,5,5,0,0,0,,,,,,20,,,,,,,,15,0,15,22.5,5,0,30,5,5,5,5,5,5,5,5,5,0,137.5,55,F
4401877,9.13,5,5,5,10,40,,,,,,,,,,,,,15,0,15,15,30,5,22.5,30,5,5,5,5,5,5,5,5,5,5,226.63,90.65,A
4368669,10,5,5,5,10,40,,,,,,20,,,,,,,10,15,15,30,30,5,30,30,5,5,5,5,5,5,5,5,5,5,250,100,A
4481844,10,5,0,5,10,40,,10,,,,,,,,,,,,0,0,0,30,5,30,30,5,5,5,5,5,5,5,5,5,5,215,86,B
4459060,9.31,5,5,5,0,40,,20,,,,10,,,,,,,,15,15,30,30,5,22.5,30,5,5,5,5,5,5,5,4,4,5,229.81,91.93,A
4437280,8.88,5,5,5,10,40,,,,0,,5,10,,5,,10,,,15,15,30,30,5,22.5,30,3.67,5,5,5,5,5,5,5,5,0,235.04,94.02,A
4507997,9.44,5,5,5,10,40,,20,10,,,,,,,,,,,15,15,30,30,5,30,30,5,5,5,5,5,5,5,5,5,5,249.44,99.78,A
4410274,10,5,5,5,10,40,,10,,,,,5,,,5,10,,,15,15,30,30,5,30,30,5,5,5,5,5,5,5,5,5,5,250,100,A
4459056,10,5,5,5,10,40,,,5,,,10,15,,,,,,,15,15,30,30,5,30,30,5,5,5,5,5,5,5,5,5,5,250,100,A
4421469,10,5,5,5,10,40,,5,5,5,,,,,,,,,15,15,15,30,30,3.75,0,30,5,5,5,5,5,5,4,5,3,5,215.75,86.3,B
4467828,10,5,5,5,10,40,,,,,,0,20,,,,10,,,15,15,30,30,5,30,30,5,5,5,5,5,5,5,5,5,5,250,100,A
4510086,9.76,5,5,5,0,0,,,,,,,15,,,,,,,15,0,15,30,5,30,30,5,5,5,5,5,5,0,5,5,5,179.76,71.91,C
4405208,9.95,5,5,5,0,40,,,,,5,10,,,,,,10,10,15,15,30,30,5,29,30,5,5,5,5,5,5,5,5,5,5,238.95,95.58,A
4449233,9.75,5,5,5,10,40,,,,,,10,15,,,10,,,,15,15,30,30,5,30,30,5,5,5,5,5,5,5,5,5,5,249.75,99.9,A
4512219,9.38,5,5,5,10,10,,,10,20,,,,,,,,,,15,15,30,30,5,30,30,5,5,5,5,5,5,5,5,5,5,219.38,87.75,B
4433967,10,5,5,5,10,40,,,,,5,,10,,,,,,15,15,15,30,30,5,30,30,5,5,5,5,5,5,5,5,5,5,250,100,A
4509814,10,5,5,5,10,40,,,,,,10,5,,,10,,,10,15,15,30,30,5,29,30,4,5,5,5,5,5,5,5,4,5,247,98.8,A
4451533,9.38,5,5,5,10,40,,5,5,10,,,,,,,10,,,15,15,30,30,5,29,30,4.67,5,5,5,5,5,4,5,5,5,247.04,98.82,A
4419576,10,5,5,5,0,40,,,10,,20,,,,,,,,,15,15,30,30,5,30,30,5,5,5,5,5,5,0,5,5,5,235,94,A
4423574,10,5,5,5,10,40,,,,,,,5,,,,,,20,0,15,15,30,5,0,30,5,5,5,5,5,5,5,5,5,5,205,82,B
4453755,9.88,5,5,5,10,40,,,,5,,5,5,5,,5,,,,15,0,15,30,5,18,30,5,5,5,5,5,5,5,5,5,5,222.88,89.15,B+
4373170,9.88,5,5,5,10,40,,,,,,10,10,,,,10,,,15,15,30,30,5,30,30,5,5,5,5,5,5,4,5,5,5,248.88,99.55,A
4480534,9.63,5,5,0,0,0,,,,,,,,,,,,,,0,0,0,0,0,0,0,5,5,5,5,5,5,0,5,5,0,59.63,23.85,F
4426965,9.88,5,5,5,0,40,,,,,,15,,,10,,,5,,15,15,30,30,5,30,30,5,5,5,5,5,5,5,5,5,5,239.88,95.95,A
4427775,9.88,5,5,0,10,40,,,,,,,,,,,,,15,0,15,15,0,2.5,22.5,30,5,5,5,5,5,5,5,4,5,5,188.88,75.55,C
4418778,10,5,5,5,10,40,,,10,,,,5,,5,,5,5,,15,15,30,30,5,30,30,5,5,5,5,5,5,5,5,5,5,250,100,A
4429245,10,5,5,5,10,40,,,,10,10,,,,,10,,,,15,15,30,30,5,30,30,5,5,5,5,5,5,5,5,4,5,249,99.6,A
4417070,10,5,5,5,10,40,,,,,10,5,,,10,,10,,,15,15,30,22.5,5,30,30,5,4,5,5,5,5,0,5,5,5,236.5,94.6,A
4514349,10,5,5,0,0,40,,,,,10,10,,,,,,,20,15,15,30,30,5,30,30,4,5,5,5,5,5,4,5,5,5,233,93.2,A
4466909,9.38,5,0,0,10,40,,,5,,5,5,,,5,,,5,5,15,15,30,30,5,30,30,5,5,5,5,5,5,5,5,5,5,239.38,95.75,A
4444208,10,5,5,5,10,40,,,,,5,5,,,,,,,,0,0,0,30,5,29,30,5,5,5,5,5,5,5,2,0,5,211,84.4,B
4417183,8.75,5,5,5,10,40,,,,,,20,,,,,,,10,15,15,30,30,5,30,30,5,5,5,5,5,5,4,5,5,5,247.75,99.1,A
4404318,9.75,5,5,5,10,40,,,10,,,,10,,,,10,,,15,15,30,30,5,30,30,5,5,5,5,5,5,5,4,5,5,248.75,99.5,A
4415982,9.38,5,5,5,10,40,0,,,,,,15,,,,5,,10,15,15,30,30,5,29,0,5,3,5,5,5,5,5,5,5,5,216.38,86.55,B
4464270,10,5,5,5,10,40,,10,,,,5,,,,,5,,10,15,15,30,30,5,30,30,5,5,5,5,5,5,4,5,5,5,249,99.6,A
4520438,10,5,5,5,10,0,,,20,,,,,,10,,,,,15,15,30,30,5,30,30,5,5,5,5,5,5,5,5,4,5,209,83.6,B
4358143,10,5,0,0,10,0,,,,,,20,,,,,10,,,15,15,30,30,5,30,30,5,5,5,5,5,5,5,5,5,5,200,80,B
4452216,10,5,5,5,0,40,,10,5,,,,,,5,,10,,,15,15,30,30,5,30,30,5,5,5,5,5,5,5,4,5,5,239,95.6,A
4459960,10,5,5,0,10,40,,,,,,,20,5,,5,,,,15,15,30,30,5,30,30,5,5,5,5,5,5,5,5,5,5,245,98,A
4466318,9.25,5,5,5,10,30,10,,10,,,5,5,,,,,,,15,15,30,30,5,29,30,4,5,5,5,5,3,3,5,5,5,233.25,93.3,A
4418165,10,5,5,5,10,40,,,,,,15,,,,,,,,15,0,15,30,5,30,30,4,5,5,5,5,5,5,5,5,5,234,93.6,A
4457733,9.69,5,5,5,0,0,,,,,,,,,,,,,,0,0,0,30,5,30,30,5,5,5,5,5,4,5,4,5,4,166.69,66.68,D
4413904,9.38,5,5,5,10,40,,,,,,15,,,,,10,,5,15,15,30,30,5,29,30,4,5,5,5,5,5,5,5,4,5,246.38,98.55,A
4421412,9.75,5,5,0,10,40,10,,,,,20,,,,,,,,15,15,30,30,5,30,30,5,5,5,4,5,5,5,5,5,5,243.75,97.5,A
4420492,10,5,5,5,10,40,,5,,,5,,15,,,5,,,,15,15,30,30,0,30,30,5,5,5,5,5,5,5,5,5,5,245,98,A
4507863,10,5,5,5,10,40,,20,,,,,10,,,,,,,15,15,30,24,5,30,30,5,5,5,5,5,5,5,5,5,5,244,97.6,A
4423400,9.88,5,5,5,10,0,,15,,,,,,,5,,5,5,,15,15,30,30,0,30,30,5,5,5,5,5,5,5,5,5,5,204.88,81.95,B
4428086,9,5,5,5,10,40,,5,,,,10,,5,,10,,,,15,15,30,30,5,0,30,5,5,5,5,5,5,5,5,5,0,214,85.6,B
4403182,10,5,5,5,10,40,,,,,15,,,,,,,,,15,0,15,30,5,30,30,4.67,4,5,0,5,5,5,5,5,5,228.67,91.47,A
4510956,10,5,0,0,10,40,,,,10,,10,,,,,10,,,15,15,30,30,0,30,30,5,5,5,5,5,4,4,5,5,5,233,93.2,A
4419496,10,5,5,5,10,40,,10,20,,,,,,,,,,,15,15,30,30,5,30,30,5,5,5,5,5,5,5,5,5,5,250,100,A
4411081,9.88,5,5,5,10,40,,,,,,,,,,,,,,15,15,30,30,5,30,30,5,5,5,5,5,5,5,5,5,5,249.88,99.95,A
4462604,10,5,5,5,10,40,,,10,,,,10,,,,15,,,15,15,30,30,5,30,30,5,5,5,5,5,5,5,5,5,5,250,100,A
4460549,10,5,5,0,10,40,10,,5,,,5,,5,,5,,,,15,15,30,30,5,30,30,5,5,5,5,5,5,5,5,5,5,245,98,A
4403692,9.63,5,0,5,10,40,,,,,,5,5,,,,,,5,0,0,0,30,5,0,30,3.33,5,5,5,5,5,5,5,5,5,182.96,73.18,C
4405293,10,5,5,0,10,40,,,,,,,20,,,,,,10,15,15,30,30,5,29,30,5,5,5,5,5,5,4,5,5,5,243,97.2,A
4411092,9.75,5,5,0,0,0,,,,,,,15,,,,20,,,15,15,30,30,5,30,30,5,5,5,4,5,5,5,5,5,5,193.75,77.5,C
4419001,10,5,5,5,10,40,,30,,,,,,,,,,,,15,15,30,30,5,30,30,5,5,5,5,4,4,5,5,3,5,246,98.4,A
4466863,9.88,5,5,5,10,40,,,20,,,,,,10,,,,,15,15,30,30,5,30,30,5,5,5,5,5,5,5,5,3,5,247.88,99.15,A
4366390,10,5,5,0,0,40,,,,,,,,,,,,,,0,0,0,0,0,21.5,30,4.67,5,5,5,5,5,5,5,5,5,161.17,64.47,D
4508339,9.94,5,5,0,10,0,,10,,,,5,,,,10,,,5,15,15,30,30,5,18,30,5,5,5,5,5,5,3,5,5,5,190.94,76.38,C
4480971,8.63,5,5,5,10,40,,,,,,10,10,,,10,,,,15,15,30,30,5,30,30,5,5,5,5,5,5,5,5,5,5,248.63,99.45,A
4422925,10,5,5,5,10,40,,10,,,,5,,,5,,10,,,15,15,30,30,5,30,30,4,5,5,5,5,5,5,5,4,5,248,99.2,A
4415971,9.75,5,5,5,10,40,,,,,10,,10,,,,,,20,15,15,30,30,1.25,30,30,5,5,5,5,5,5,5,5,5,5,246,98.4,A
4416737,10,5,5,5,0,0,,,,,5,,10,,,,,5,10,15,15,30,30,5,29,30,5,5,5,4,5,5,5,5,5,5,198,79.2,C+
4419554,10,5,5,5,10,40,,20,10,,,,,,,,,,,15,15,30,30,5,30,30,5,5,5,5,5,5,5,5,5,5,250,100,A
4424094,4.94,5,5,5,10,40,,,,,,10,10,,,,,,10,15,15,30,0,5,30,30,3.67,5,5,5,5,5,5,5,5,5,213.6,85.44,B
4478489,10,5,5,5,10,40,10,,10,10,,,,,,,,,,15,15,30,30,5,30,30,5,5,5,5,5,5,5,5,5,5,250,100,A
4409035,9.38,5,5,5,10,40,,,10,5,15,5,,,,,,,,15,15,30,30,5,30,30,5,5,5,5,5,5,5,5,5,5,249.38,99.75,A
4508255,10,5,5,0,10,40,,,,,,10,10,,,,,,10,15,15,30,30,5,29,30,5,5,5,5,5,4,4,4,5,5,241,96.4,A
4481896,8.88,5,5,5,10,40,,,,,,,15,,,,,,15,15,15,30,30,5,30,30,5,5,5,5,5,5,4,5,5,5,247.88,99.15,A
4514351,9.88,5,5,0,10,0,,,5,5,5,5,,,5,,5,,,15,15,30,30,5,0,30,5,5,5,5,5,5,5,5,3,4,171.88,68.75,D+
4394824,9.94,5,0,5,10,0,,,,,,,15,,,,,10,5,15,15,30,30,0,29,30,5,5,5,5,0,5,5,4,0,5,187.94,75.18,C
4384063,9.75,5,0,0,10,0,,,,,,,,,,,,,,0,0,0,0,5,0,0,5,5,5,4,5,4,5,5,5,5,77.75,31.1,F
4463274,10,5,5,5,10,40,,5,,20,5,,,,,,,,,15,15,30,30,5,30,30,5,5,5,5,5,5,5,5,5,5,250,100,A
4477593,10,5,5,5,10,40,10,,,5,5,10,,,,,,,,15,15,30,30,5,30,30,5,5,5,5,5,5,5,5,5,5,250,100,A
4380918,10,5,5,5,10,40,,,,,,20,,,,,,,10,15,15,30,30,5,30,0,5,5,5,5,5,5,5,5,4,5,219,87.6,B
4466258,9.69,5,0,5,10,40,,,,,,,20,,,,,,,15,0,15,30,5,30,0,5,5,5,5,5,5,5,5,5,5,199.69,79.88,C+
4425528,10,5,5,5,10,40,,,10,10,,,,,,10,,,,15,15,30,30,5,30,30,5,5,5,5,5,5,5,5,5,5,250,100,A
4331200,9.88,5,5,5,10,0,,,,10,,10,,,,,,10,,15,15,30,30,5,30,30,5,5,5,5,5,5,4,5,5,5,208.88,83.55,B
4266509,8.63,5,3.75,0,10,0,,,,,,25,,,,,,,,15,0,15,15,5,0,30,4,0,5,5,5,5,5,5,4,0,130.38,52.15,F
4405075,10,5,5,5,10,40,,10,0,10,,,,,,10,,,,15,15,30,30,5,30,30,5,5,5,5,5,5,5,5,5,5,250,100,A
4447329,10,5,5,0,0,40,,,,,,10,5,,,,10,,5,15,15,30,30,0,0,30,5,4,5,5,5,5,5,4,5,5,198,79.2,C+
4506420,10,5,5,5,10,0,,10,,,20,,,,,,,,,15,15,30,30,5,30,30,5,5,5,5,5,5,5,5,4,5,209,83.6,B
4385132,10,5,5,5,10,40,,,,,20,10,,,,,,,,15,15,30,30,5,30,30,4,5,5,5,5,5,4,5,4,0,242,96.8,A
4379744,8.31,5,0,0,10,40,,,,,,,,,,,,,,0,0,0,30,5,30,30,5,4,5,5,5,5,4,5,4,5,205.31,82.13,B
4426865,10,5,5,5,10,40,,,,5,,15,5,5,,5,,,,15,15,30,30,5,30,30,5,5,5,5,5,5,5,5,5,5,250,100,A
4252045,7.13,5,5,3.75,0,40,,,,,,,,,,,,,,0,0,0,22.5,3.75,30,30,5,5,5,5,5,5,5,5,5,5,197.13,78.85,C+
4449497,9.81,5,5,5,10,40,,,10,,10,,,,,,,,10,15,15,30,30,5,30,30,5,5,5,5,5,5,5,5,5,5,249.81,99.93,A
4467950,10,5,5,5,10,0,,20,,,,10,,,,,,,,15,15,30,30,0,30,30,5,5,5,5,4,5,5,5,5,5,204,81.6,B
4473785,10,5,5,5,10,40,,,,,,10,10,,10,,,,,15,15,30,30,5,30,30,5,5,5,5,5,5,5,5,5,5,250,100,A
4426213,10,5,5,5,0,0,,,,,,20,,,,,,,10,15,15,30,30,5,30,30,5,5,5,5,5,5,5,5,3,5,198,79.2,C+
4510336,10,5,0,0,10,40,,10,,,20,,,,,,,,,15,15,30,30,5,30,30,5,4,5,5,5,5,5,4,5,5,238,95.2,A
4461324,9.69,5,5,5,0,40,5,10,,5,5,,,,,5,,5,,15,15,30,30,5,29,30,5,5,5,5,5,5,4,5,5,5,237.69,95.08,A
4382241,9.75,5,5,5,10,40,,10,,,,5,,,,,,10,5,15,15,30,30,0,30,30,5,5,5,5,5,5,5,5,5,5,244.75,97.9,A
4480097,9.63,5,5,5,0,40,,,,,,,,,,,,,,0,0,0,30,5,30,0,5,5,5,5,5,5,5,5,5,5,179.63,71.85,C
4384625,10,5,5,5,10,40,,,,,10,5,,,,,,,20,15,15,30,30,5,30,30,5,5,5,5,5,5,5,4,5,5,249,99.6,A
4417019,10,5,5,5,10,40,,,,,,,,,,,,,,0,0,0,30,5,30,30,5,5,5,5,5,5,5,5,5,5,220,88,B+
4466451,0,5,5,5,10,30,,,10,,,10,,,,,10,,,15,15,30,30,5,30,30,5,5,5,5,5,5,5,5,5,5,230,92,A
4374428,10,5,5,5,0,40,,,,,10,10,,5,,,5,,,15,15,30,30,5,30,30,5,5,5,0,5,5,4,0,5,5,229,91.6,A
4510586,9.5,5,5,2.5,0,0,,10,20,,,,,,,,,,,15,15,30,30,5,22.5,30,5,5,5,5,5,5,5,4,0,5,183.5,73.4,C
4426215,10,5,5,5,10,40,,10,20,,,,,,,,,,,15,15,30,22.5,5,30,30,5,5,5,5,5,5,5,5,5,5,242.5,97,A
4437361,10,5,5,5,10,40,,,10,10,,,,,10,,,,,15,15,30,30,5,30,30,5,5,5,5,5,5,5,5,5,5,250,100,A
4468573,9.38,5,5,5,0,0,,10,,,,,5,,,,5,5,5,15,15,30,30,0,30,30,5,5,5,5,0,0,0,4,5,5,178.38,71.35,C
4507660,10,5,5,5,10,40,,,,10,10,10,,,,,,,,15,15,30,30,5,30,30,5,5,5,5,5,5,5,5,4,5,249,99.6,A
4423505,10,5,5,5,10,40,,,,5,,,10,,,10,,,5,15,15,30,30,5,30,30,5,5,5,5,5,5,5,5,4,5,249,99.6,A
4501989,9.88,5,5,5,10,40,,30,,,,,,,,,,,,15,15,30,30,5,30,30,4,5,5,5,5,5,5,5,5,5,248.88,99.55,A
4400976,10,5,5,5,10,40,10,10,,10,,,,,,,,,,15,15,30,30,5,30,30,5,5,5,5,5,5,5,5,5,5,250,100,A
4419438,10,5,5,5,10,40,,,,20,,,10,,,,,,,15,15,30,30,5,30,30,5,5,5,5,5,4,4,4,5,5,247,98.8,A
4426761,10,5,5,5,10,0,,10,,,,,5,5,,10,,,,15,15,30,30,5,30,0,5,5,5,5,5,5,5,5,5,5,180,72,C
4449196,10,5,5,5,10,40,,,10,,5,,,,,,,5,10,15,15,30,24,5,30,30,5,5,5,5,5,5,5,5,5,5,244,97.6,A
4423826,10,5,5,5,10,40,,,,,,5,5,,10,,,,5,0,15,15,30,5,30,30,5,5,5,5,5,5,5,5,5,5,235,94,A
4403704,10,5,5,5,10,40,,,,,,,,,,,,,,0,0,0,30,5,30,30,5,5,5,5,5,5,4,5,5,5,219,87.6,B
4423061,10,5,5,5,0,0,,,,,,,15,,,,,,20,15,15,30,30,5,30,30,4.67,5,5,5,5,5,4,5,5,5,198.67,79.47,C+
4407706,9.5,5,5,0,10,40,,,,10,20,,,,,,,,,15,15,30,30,5,30,30,5,5,5,5,5,5,5,5,5,5,244.5,97.8,A
4427430,10,5,5,5,10,40,,,,,,,5,,,,,,15,0,15,15,30,5,29,30,5,5,5,5,5,5,5,5,5,5,234,93.6,A
4457800,10,5,5,5,10,40,,,,,30,,,,,,,,,15,15,30,30,5,30,30,5,4,5,5,5,5,5,5,4,5,248,99.2,A
4461742,9,5,5,5,10,40,,10,,,,,10,10,,10,,,,15,15,30,30,5,30,30,5,5,5,5,5,5,5,5,3,5,247,98.8,A
4423975,9.88,5,5,5,10,40,,,,,,,15,,10,,,,10,15,15,30,30,5,30,30,5,5,5,5,0,4,4,5,5,5,242.88,97.15,A
4419517,10,5,5,5,10,40,,,10,,,,10,,5,,5,,,15,15,30,30,5,18,30,4,5,5,5,5,5,4,5,5,5,236,94.4,A
4435063,9.19,5,5,5,10,40,,5,,,0,10,,,5,5,,5,,15,15,30,30,5,30,30,5,5,5,5,5,5,4,5,5,5,248.19,99.28,A
4510268,10,5,5,5,10,40,,10,,,5,5,,,,10,,,,15,15,30,30,5,30,30,5,5,5,5,5,5,5,5,5,5,250,100,A
4422806,10,5,5,5,10,0,,,,,,,15,,,,,,15,15,15,30,30,5,30,30,5,5,5,5,5,5,4,5,5,5,209,83.6,B
4472258,10,5,5,5,10,40,,,,,10,,5,,,,,,20,15,15,30,30,5,15,30,5,5,5,5,5,5,5,5,5,5,235,94,A
4460629,10,5,5,5,0,40,,,,,,,15,,,,,,15,15,15,30,22.5,0,30,30,4,5,5,5,5,5,5,5,5,5,226.5,90.6,A
4421406,9.75,5,5,5,10,40,,,,10,,20,,,,,,,,15,15,30,30,5,30,30,5,5,5,4,5,5,5,5,5,5,248.75,99.5,A
4422703,10,5,5,5,10,40,,,,,,,,,,,,,15,0,15,15,30,5,18,0,5,4,5,5,5,5,5,5,5,5,192,76.8,C
4467954,9.56,5,5,5,10,40,,,,,,20,,,,,,,10,15,15,30,30,5,0,30,5,5,5,5,5,5,5,5,5,5,219.56,87.83,B
4408059,10,5,5,5,10,40,10,20,,,,,,,,,,,,15,15,30,30,5,30,30,4,5,5,5,5,5,5,5,5,5,249,99.6,A
4419769,9.94,5,5,5,10,40,,15,,10,10,,,,,,,,,15,15,30,30,5,30,30,5,5,5,5,5,5,1,5,5,5,245.94,98.38,A
4415834,9.94,5,5,5,0,30,,,,,,5,10,,,,,,15,15,15,30,30,5,7.5,30,5,5,5,0,5,5,5,4,5,5,201.44,80.58,B
4427991,10,5,5,5,10,0,,,,,,,15,,,,,,20,15,15,30,0,5,30,30,5,5,5,5,5,5,4,4,5,5,178,71.2,C
4379016,10,5,5,5,10,40,,,10,10,,,,,10,,,,,15,15,30,30,5,30,30,5,5,5,5,5,5,5,4,5,5,249,99.6,A
4479822,10,5,5,5,10,0,,10,,,,5,,,5,,,10,,15,15,30,30,5,30,30,5,5,5,5,5,5,5,5,5,5,210,84,B
4482962,10,5,5,0,0,40,,,,,,,,,,,,,15,0,15,15,22.5,5,30,30,5,5,5,0,5,4,4,4,5,5,204.5,81.8,B
4470685,10,5,5,5,10,40,,,20,10,,,,,,,,,,15,15,30,30,5,30,30,5,5,5,5,5,5,4,5,5,5,249,99.6,A
4455091,9.94,5,5,5,0,0,,,,,20,10,,,,,,,,15,15,30,30,5,30,30,5,5,5,5,5,5,5,5,5,5,199.94,79.98,C+
4445965,10,5,5,5,10,40,,,10,,10,,,,,10,,,,15,15,30,30,5,30,30,5,5,5,5,5,5,5,5,5,5,250,100,A
4420764,10,5,5,5,10,40,,20,,,,,,,,,,,10,15,15,30,30,5,30,30,5,5,5,5,5,5,0,5,5,5,245,98,A
4508773,9.5,5,5,5,10,40,,,20,,,,,,,10,,,,15,15,30,30,5,0,30,5,5,5,5,5,0,5,5,5,5,214.5,85.8,B
4446984,10,5,5,0,10,40,,10,,,,,5,,,,,15,,15,15,30,30,0,30,30,5,5,5,5,5,5,5,5,5,5,240,96,A
4509264,10,5,5,5,10,40,,,20,,,,,,10,,,,,15,15,30,30,5,30,30,5,5,5,5,5,5,5,5,5,5,250,100,A
4438442,9.64,5,0,0,0,30,,,10,,,,10,,,10,,,,15,15,30,22.5,3.75,21.5,30,5,5,5,5,5,4,5,5,5,5,201.39,80.56,B
4405195,8.89,5,5,0,0,40,,,,,,15,,,,,,,15,15,15,30,30,0,30,0,5,4,0,5,5,5,0,5,5,5,187.89,75.16,C
4425192,10,5,5,5,10,40,,,,,,,,,,,,,,0,0,0,30,5,29,30,5,5,5,5,5,5,5,5,4,5,218,87.2,B
4481146,9.75,5,5,5,10,40,,,10,,,10,,,,,,,10,15,15,30,22.5,5,30,30,5,5,5,5,5,5,5,5,5,5,242.25,96.9,A
4473156,9.75,5,5,5,10,40,,,10,,10,,,,10,,,,,15,15,30,30,5,30,30,5,5,5,5,5,5,5,5,5,5,249.75,99.9,A
4388643,8.13,5,5,3.75,0,0,,,,,,5,10,,,5,,10,,15,15,30,30,5,29,30,4.67,5,5,5,5,5,5,5,5,5,195.54,78.22,C+
4418007,10,5,5,5,10,40,,10,,,,,10,,,,,,10,15,15,30,30,5,29,30,5,5,5,5,5,5,5,5,4,5,248,99.2,A
4478556,10,5,3.75,5,10,40,,,,10,,5,5,,10,,,,,15,15,30,30,5,30,30,5,5,5,5,5,4,5,5,5,5,247.75,99.1,A
4466629,10,5,5,5,10,40,10,,20,,,,,,,,,,,15,15,30,30,5,30,30,5,5,5,5,5,5,5,5,5,5,250,100,A
4420036,10,5,5,5,10,40,,,10,5,5,10,,,,,,,,15,15,30,30,5,30,30,5,5,5,5,5,5,5,5,5,5,250,100,A
4365333,9.5,5,0,5,10,40,,,,,10,,5,,,,,,,15,0,15,30,0,0,30,5,5,5,5,0,5,5,5,5,5,189.5,75.8,C
4506342,9.63,5,5,5,0,40,,,,,20,10,,,,,,,,15,15,30,30,0,0,30,5,4,5,5,5,5,4,4,5,5,201.63,80.65,B
4375455,9.75,5,5,5,10,40,,10,,,,5,,,,15,,,,15,15,30,30,5,30,30,5,5,5,5,5,5,5,5,4,5,248.75,99.5,A
4407929,9.19,5,5,5,10,40,,,,,,15,,,,10,,,10,15,15,30,30,5,30,30,5,5,5,5,5,5,4,5,5,5,248.19,99.28,A
4476328,10,5,5,5,10,40,,,,,,,20,,,,,,10,15,15,30,30,5,18,30,5,5,5,5,5,5,5,5,5,5,238,95.2,A
4421977,9.5,5,5,5,10,40,,,,,10,10,,,,,,,10,15,15,30,30,5,30,30,5,5,5,5,5,4,4,4,4,5,245.5,98.2,A
4473447,10,5,5,5,10,40,,,,,,15,,,,,,10,5,15,15,30,30,5,30,30,5,4,5,5,5,5,5,4,5,5,248,99.2,A
4510249,9.88,5,0,5,0,40,,,,,,,10,,,,,,,0,0,0,0,0,10.5,30,5,5,5,5,5,5,4,5,5,5,149.38,59.75,F
4426889,10,5,5,0,10,40,,,,,,15,,,,,,,20,15,15,30,30,5,30,30,5,5,5,5,5,5,5,0,0,5,235,94,A
4446068,10,5,5,0,10,40,,10,,5,,,,,10,5,,,,15,15,30,30,5,30,30,5,5,5,5,5,5,5,5,5,5,245,98,A
4145356,10,5,2.5,5,10,40,,,,10,,,5,,,,,,,15,0,15,30,5,15,30,5,5,5,5,5,5,3,5,5,5,215.5,86.2,B
4466021,9.25,5,5,5,10,40,,,,10,10,,,,,,,,10,15,15,30,30,5,30,30,5,5,5,5,5,5,4,5,4,5,247.25,98.9,A
4476850,10,5,5,5,0,40,,,,,,10,10,,10,,,,,15,15,30,30,5,30,30,4,5,5,5,5,5,5,5,3,5,237,94.8,A
4404340,9.94,5,5,5,10,40,,10,10,,,,,,,10,,,,15,15,30,30,5,30,30,5,5,5,5,5,5,5,5,3,5,247.94,99.18,A
4418614,10,5,5,5,10,40,,30,,,,,,,,,,,,15,15,30,30,5,30,30,5,5,5,5,5,5,5,4,5,5,249,99.6,A
4476351,9.5,5,5,5,10,40,,,,,,,20,,,,,,10,15,15,30,30,5,30,30,5,5,5,5,5,5,5,5,4,5,248.5,99.4,A
4511647,9.44,5,5,5,0,0,,,20,10,,,,,,,,,,15,15,30,30,5,30,30,3.67,5,5,5,5,5,5,5,5,5,198.1,79.24,C+
4478181,9.75,5,5,5,10,0,,,,,,,,,,,,,,0,0,0,30,5,21.5,30,4.67,5,5,5,5,5,5,5,5,5,170.92,68.37,D+
4422839,10,5,5,5,10,40,,,,,,10,5,,,,,,15,15,15,30,30,5,30,30,5,5,5,5,5,5,5,5,5,5,250,100,A
4400702,9.63,5,5,0,10,40,,10,,,,10,,,,10,,,,15,15,30,30,5,30,30,5,5,5,5,5,5,4,5,5,5,243.63,97.45,A
4444921,10,5,5,5,10,40,10,10,5,,,,,,,,10,,,15,15,30,30,5,30,30,5,5,5,5,5,5,5,5,5,5,250,100,A
4477622,9.5,5,5,5,0,40,,,,,,,15,,,,,,10,15,0,15,30,5,30,30,5,4,5,5,4,4,5,5,5,4,220.5,88.2,B+
4417898,9.88,5,5,5,10,40,,,,,,10,10,,,,10,,,15,15,30,30,5,30,30,5,5,5,5,5,5,4,5,5,5,248.88,99.55,A
4448205,9.06,5,5,0,0,40,,,,,,,,,,,10,,10,0,15,15,30,5,30,30,4,5,5,5,5,5,4,5,5,5,217.06,86.83,B
4440633,10,5,5,5,10,0,,10,10,,,,,,,,,,10,15,15,30,30,5,30,30,5,5,5,5,5,5,5,5,5,5,210,84,B
4423025,10,5,5,5,10,40,,,,,,5,10,,,,10,5,,15,15,30,22.5,3.75,30,30,0,5,5,5,5,5,4,5,5,5,235.25,94.1,A
4465484,9.69,5,5,0,10,40,,,,,,15,,,,,10,,10,15,15,30,30,5,29,30,5,5,5,5,5,5,5,5,5,5,243.69,97.48,A
4415860,10,5,5,5,10,40,,,,,,30,,,,,,,,15,15,30,30,5,30,30,5,5,5,5,5,4,5,5,5,5,249,99.6,A
4335950,10,5,5,5,10,40,,10,,,5,5,,,,,,,,15,0,15,30,5,30,30,5,5,5,5,5,5,4,5,5,5,234,93.6,A
4344377,9.88,5,5,5,0,40,,,10,5,,,,,,,10,10,,15,15,30,30,5,30,30,5,5,5,5,5,5,5,0,5,5,234.88,93.95,A
4425860,9.63,5,5,5,0,40,,,,,,10,,,,,,,,0,0,0,30,0,30,30,5,5,5,5,5,5,4,5,5,5,203.63,81.45,B
4465056,10,5,5,5,10,40,,,,,10,5,,,5,,,,,15,15,30,30,5,30,30,5,5,5,5,5,4,5,5,5,5,249,99.6,A
4464567,10,5,5,5,10,40,10,5,,10,,5,,,,,,,,15,15,30,30,5,30,30,5,5,5,5,5,5,5,5,5,5,250,100,A
4419445,9.25,5,0,5,10,40,,,,,,,15,,,,,,20,15,15,30,15,5,0,30,5,5,5,0,5,5,4,5,5,5,193.25,77.3,C
4476603,10,5,5,5,10,40,,,,10,,,5,,,,,5,,15,0,15,30,5,30,30,5,5,5,5,5,5,5,5,5,5,235,94,A
4473276,9.94,5,5,5,10,40,,,,,25,,,,,5,,,,15,15,30,30,5,30,30,5,5,5,5,5,5,5,5,5,5,249.94,99.98,A
4481288,10,5,5,5,10,40,,,,,,,,,10,,,,,0,0,0,30,0,30,30,4.67,5,5,5,5,5,5,5,3,5,212.67,85.07,B
4420342,9.88,5,5,5,10,40,,,,,5,,5,,,5,,,15,0,15,15,30,5,30,30,5,5,5,5,5,5,4,5,4,5,232.88,93.15,A
4377344,9.63,5,5,5,10,0,,,,,10,,5,,,,,,20,15,15,30,30,5,10.5,30,5,5,5,5,5,5,5,5,5,5,190.13,76.05,C
4444551,9.88,5,3.75,2.5,0,0,,,,,,,30,,,,,,,15,15,30,30,5,30,30,5,5,5,5,5,5,5,5,5,5,196.13,78.45,C+
4446013,10,5,5,5,10,40,,,20,,10,,,,,,,,,15,15,30,30,5,30,30,5,5,5,5,5,5,4,5,5,5,249,99.6,A
4511082,10,5,5,0,10,0,,5,10,,,,,,,5,,,10,15,15,30,30,5,30,30,5,5,5,5,5,5,4,5,5,5,204,81.6,B
4415507,10,5,5,5,10,40,10,,,10,,10,,,,,,,,15,15,30,30,5,30,30,5,5,5,5,5,5,5,5,5,5,250,100,A
4472433,10,5,5,5,0,40,,5,,,,,10,,15,,,,,15,15,30,30,5,30,30,5,5,5,5,5,5,5,5,5,5,240,96,A
4461677,10,5,5,5,10,40,,10,,,,10,10,,,,,,,15,15,30,22.5,5,30,30,5,4,5,5,5,5,5,5,5,5,241.5,96.6,A
4424939,10,5,5,5,0,40,,,,,,,,,,,10,,10,0,15,15,30,0,30,30,4.67,5,5,4,0,5,4,4,5,5,211.67,84.67,B
4415693,9.5,5,5,5,10,0,,,,,10,5,,,,,,,15,15,15,30,30,5,30,30,5,5,5,5,5,5,4,5,4,5,207.5,83,B
4472615,9.5,5,5,5,10,40,,,,,15,,,,,15,,,,15,15,30,30,5,30,30,5,5,5,5,5,5,5,5,5,5,249.5,99.8,A
4418868,10,5,5,0,10,40,,,,,,10,5,,,,,,20,15,15,30,30,5,0,30,5,5,5,5,5,5,5,5,5,5,215,86,B
4452458,9.88,5,5,5,10,40,,,,,,20,,,10,,,,,15,15,30,30,5,30,30,5,5,5,5,5,5,5,4,5,5,248.88,99.55,A
4414856,10,5,5,5,0,40,,,,,,,,,,5,,,10,0,15,15,30,5,30,30,5,5,5,5,5,5,5,5,5,5,225,90,A
4376623,9.38,5,5,5,0,40,,,20,,,,,,,,,10,,15,15,30,7.5,0,30,30,5,5,5,5,5,5,5,5,4,5,210.88,84.35,B
4508246,10,5,5,5,0,40,,,,5,5,5,0,10,5,,,,,15,15,30,30,5,30,30,5,5,5,5,5,5,5,5,5,5,240,96,A
4470840,10,5,5,0,10,40,,,,,,,15,,,,,,15,15,15,30,30,5,0,30,4,5,5,5,5,5,5,5,4,5,213,85.2,B
4420922,9.69,5,5,0,10,40,,,,,,,,,,,,,,0,0,0,30,5,0,30,4,5,5,5,0,5,3,5,5,4,175.69,70.28,C
4437177,9.5,5,5,5,0,40,,,,,5,15,5,5,,,,,,15,15,30,30,5,30,30,5,5,5,5,5,5,5,5,5,5,239.5,95.8,A
4510605,10,5,5,0,0,0,,,,,10,,10,,,,10,,,15,15,30,30,0,0,30,5,5,5,5,0,5,5,4,0,0,144,57.6,F
4426951,10,5,5,5,10,40,10,,,,5,5,5,,5,,,,,15,15,30,30,5,30,30,5,5,5,5,5,5,4,5,5,5,249,99.6,A
4422369,10,5,5,5,10,40,,,,10,10,,,,,10,,,,15,15,30,30,5,22,30,5,5,5,5,5,5,5,5,5,5,242,96.8,A
4418274,10,5,5,5,10,40,,,,10,,5,5,5,5,5,,,,15,15,30,30,5,30,30,5,5,5,5,5,5,5,5,5,5,250,100,A
4473419,9.25,5,0,0,10,0,,,,,5,5,5,5,10,,,,,15,15,30,30,5,30,30,5,4,5,4,5,4,4,5,5,5,195.25,78.1,C+
4421229,10,5,5,5,10,40,,,,,,,15,,,,,,15,15,15,30,30,5,30,30,5,5,5,5,5,5,5,5,5,5,250,100,A
4457040,9.69,5,5,0,10,40,,,10,10,,,,,,10,,,,15,15,30,30,5,30,30,4,5,5,5,5,5,4,5,5,4,241.69,96.68,A
4347059,10,5,0,0,0,0,,,,,,,,,,,,,,0,0,0,30,0,0,30,0,5,5,5,5,5,5,4,4,5,118,47.2,F
4427208,10,5,5,3.75,10,40,,10,,,,10,,,,,10,,,15,15,30,30,2.5,30,30,5,5,5,5,5,5,5,0,5,5,241.25,96.5,A
4403722,9.63,5,5,5,10,40,,5,,,5,5,10,,,5,,,,15,15,30,30,5,30,30,5,5,5,3,5,5,5,5,5,5,247.63,99.05,A
4469336,9.83,5,5,5,10,40,,,10,,20,,,,,,,,,15,15,30,30,5,29,30,5,5,5,5,5,5,5,4,5,5,247.83,99.13,A
4473842,10,5,5,5,10,40,,,,,,10,10,,,,10,,,15,15,30,30,5,30,30,5,5,5,5,5,5,5,5,5,5,250,100,A
4364902,10,5,5,0,0,0,,,20,,,,,,10,,,,,15,15,30,27,5,30,30,5,5,5,4,5,5,5,5,5,5,191,76.4,C
4466195,10,5,5,5,10,40,,,10,,10,10,,,,,,,,15,15,30,30,5,30,30,5,5,5,5,5,5,5,5,5,5,250,100,A
4511134,9.69,5,5,5,10,40,,,,,,,10,,,,,,10,0,0,0,15,5,30,30,5,5,0,5,5,5,0,5,5,5,194.69,77.88,C
4417375,9.75,5,5,5,0,40,,,,,5,10,,,,,,,20,15,15,30,30,5,30,30,5,5,5,5,5,4,5,5,4,5,237.75,95.1,A
4389471,9.25,5,3.75,3.75,10,0,,,,,,,,,,,,10,10,0,15,15,30,5,30,30,5,5,5,5,5,5,5,5,5,5,191.75,76.7,C
4421145,8.19,5,5,3.75,0,0,,,,,,,,,,,,,,0,0,0,22.5,5,0,0,5,5,5,5,5,5,5,5,5,5,99.44,39.78,F
4421793,10,5,5,5,10,40,,20,5,,,,,,5,,,,,15,15,30,30,5,30,30,5,5,5,5,5,5,4,5,5,5,249,99.6,A
4463278,10,5,5,5,10,40,,,10,,10,10,,,,,,,,15,15,30,30,5,30,30,5,5,5,5,5,5,5,5,5,5,250,100,A
4426801,10,5,5,0,10,40,,,20,10,,,,,,,,,,15,15,30,30,5,30,30,5,5,5,5,5,5,5,5,4,5,244,97.6,A
4509859,9.63,5,0,5,10,40,,,,,,,,,,,,,,0,0,0,30,0,18,30,4,4,5,5,5,5,5,5,5,5,195.63,78.25,C+
4385396,9.63,5,5,0,10,40,,,,,,15,,,,,0,,20,15,15,30,30,5,0,30,5,5,5,5,5,5,0,5,5,5,209.63,83.85,B
4428075,9.89,5,5,5,10,40,,10,,,,,5,,,,,,,15,0,15,30,5,30,30,5,5,5,5,5,5,5,0,5,5,229.89,91.96,A
4465877,9.63,5,5,5,10,40,,,10,,10,10,,,,,,,,15,15,30,30,5,30,30,4,5,5,5,5,5,5,4,5,5,247.63,99.05,A
4420820,9.89,5,5,5,10,0,,,,,5,10,,,,,,5,15,15,15,30,30,0,30,30,5,5,5,5,5,5,5,5,5,5,204.89,81.96,B
4345372,10,5,5,5,10,40,,,20,,,,,,,,,,10,15,15,30,30,5,30,30,5,5,5,5,5,5,5,5,5,5,250,100,A
4401623,10,5,5,5,10,40,,,,,,10,10,,,,10,,,15,15,30,30,5,0,30,5,5,5,5,5,5,5,5,5,5,220,88,B+
4474959,9.7,5,5,5,10,40,,,5,,15,,,,5,5,,,,15,15,30,30,5,30,30,4.67,5,5,5,5,5,4,5,5,4,247.37,98.95,A
4270658,9.5,5,5,5,10,40,,,,,,10,,,,,,,10,0,0,0,30,0,0,30,5,5,5,5,5,5,5,5,4,4,182.5,73,C
4402238,9.69,5,5,0,0,40,,,,,,,,,,,,,20,0,15,15,0,5,15,30,5,5,5,5,5,5,5,5,5,5,174.69,69.88,D+
4426396,10,5,0,0,10,40,,,,,,,15,,,,,5,10,15,15,30,30,5,30,30,5,5,5,5,5,4,5,5,4,5,238,95.2,A
4381025,10,5,5,5,10,40,,,,10,10,,,,10,,,,,15,15,30,30,5,30,30,5,5,4,5,5,5,5,5,5,5,249,99.6,A
4512769,10,5,5,5,10,40,,10,,,5,10,,,,,,5,,15,15,30,30,5,30,30,5,5,5,5,5,5,5,5,5,5,250,100,A
4408641,10,5,3.75,0,10,40,,,,,,,,,,,,,,0,0,0,22.5,5,21.5,30,0,0,5,5,4,5,5,4,4,5,184.75,73.9,C
4408713,10,5,5,5,10,40,,,10,,,10,,,,,15,,,15,15,30,30,5,22.5,30,5,5,5,5,5,5,5,5,5,5,242.5,97,A
4432924,10,5,5,0,10,36,,,,,,,30,,,,,,,15,15,30,30,0,30,30,5,5,5,5,5,5,4,5,5,5,235,94,A
4402750,9.94,5,5,5,10,40,,,,,,,15,,,,,,15,15,15,30,30,0,30,30,5,5,5,5,4,5,5,5,5,5,243.94,97.58,A
4474054,10,5,5,5,10,40,,,10,20,,,,,,,,,,15,15,30,30,5,22.5,30,4,5,5,5,5,5,5,5,5,5,241.5,96.6,A
4423310,10,5,5,5,10,40,,,,,,5,15,,,,,,10,15,15,30,30,5,30,30,5,5,5,5,5,4,4,5,4,5,247,98.8,A
4417981,10,5,5,0,10,40,,,,,10,,20,,,,,,,15,15,30,30,5,30,30,5,5,5,5,5,5,5,5,5,5,245,98,A
4463500,10,5,5,0,10,0,,,,,,,20,,,,,10,,15,15,30,30,5,30,30,4.67,4,5,5,5,5,4,5,3,0,195.67,78.27,C+
4420499,10,5,5,5,10,0,,,10,,10,10,,,,,,,,15,15,30,30,5,30,30,5,5,5,5,5,5,5,5,5,5,210,84,B
4419813,10,5,5,5,10,40,,,,,,5,10,,10,5,,,,15,15,30,30,5,30,30,5,5,5,5,5,5,5,5,5,5,250,100,A
4469015,10,5,5,5,10,40,,15,,,,,,5,10,,,,,15,15,30,30,5,30,30,5,5,5,5,5,5,5,5,5,5,250,100,A
4419696,9.75,5,5,5,10,40,,20,,,,,,,,10,,,,15,15,30,30,5,30,30,5,5,5,5,5,5,5,5,5,5,249.75,99.9,A
4470741,9.13,5,5,5,10,28,,,,,,10,0,,,,,,,0,0,0,30,5,30,30,5,5,5,5,5,5,4,5,4,5,205.13,82.05,B
4375081,9.5,5,5,5,10,40,,,10,,10,10,,,,,,,,15,15,30,30,5,30,30,5,5,5,5,5,5,5,5,5,5,249.5,99.8,A
4464543,10,5,5,5,10,40,,10,5,10,10,,,,,,,,,15,15,30,30,5,30,30,4,5,5,5,5,5,5,5,5,5,249,99.6,A
4374226,9.88,5,5,0,0,0,,,,,,0,,,,,,,,0,0,0,30,5,30,0,5,5,5,5,5,5,4,5,4,5,132.88,53.15,F
4425189,8.63,5,0,5,10,40,,,,,,,,,,,,,20,0,15,15,30,5,18,30,5,5,5,5,3,5,5,4,5,4,212.63,85.05,B
4400736,10,5,5,5,10,40,,10,20,,,,,,,,,,,15,15,30,30,5,30,30,5,5,5,5,5,5,5,5,5,5,250,100,A
4472537,10,5,5,5,10,40,,10,5,5,,5,,,5,,,,,15,15,30,30,5,30,30,4,5,5,5,5,5,5,5,5,5,249,99.6,A
4407930,10,5,5,0,10,40,,,,,10,,10,,,,,10,,15,15,30,30,5,30,30,5,5,5,5,5,5,4,5,5,5,244,97.6,A
4507856,9.25,5,5,5,10,40,,,10,,20,,,,,,,,,15,15,30,30,5,30,30,5,5,5,5,5,5,4,5,5,5,248.25,99.3,A
4409197,9.94,5,5,3.75,10,0,,,10,,,,,,,,,,,0,0,0,30,5,0,30,5,4,5,5,5,4,5,0,3,0,134.69,53.88,F
4370118,9.5,5,5,5,10,40,10,,,,,,,,,,,,15,0,15,15,22.5,0,30,30,5,4,5,5,5,5,4,5,5,0,215,86,B
4418401,9.31,5,5,5,10,40,,,,,,,,,,,,,,0,0,0,22.5,5,30,30,5,5,5,4,5,5,5,5,4,5,209.81,83.93,B
4418679,10,5,3.75,5,10,40,,,,,30,,,,,,,,,15,15,30,30,5,15,30,5,5,5,5,5,5,5,5,5,5,233.75,93.5,A
4427169,10,5,5,5,10,40,,,,,10,5,,,10,,,,10,15,15,30,30,5,30,30,5,5,5,5,5,5,5,5,5,5,250,100,A
4514482,10,5,5,5,10,40,,,10,,,,10,,,,,,10,15,15,30,30,5,30,30,5,5,5,5,5,5,5,5,5,5,250,100,A
4446577,10,5,5,5,0,0,,,,,15,,,,5,10,,,,15,15,30,30,5,30,30,5,5,5,5,5,5,5,5,5,5,200,80,B
4375948,9,5,5,5,10,0,,,,,,,20,,,,,,10,15,15,30,30,5,29,30,5,5,0,5,0,5,5,5,0,5,193,77.2,C
4381306,9.94,5,5,5,10,40,,,,,,,,,10,,,,5,0,15,15,30,5,0,30,5,5,5,5,5,5,5,4,5,5,203.94,81.58,B
4459540,10,5,5,5,10,0,,,5,5,,10,,,10,,,,,15,15,30,30,5,30,30,5,5,5,5,5,5,4,5,5,5,209,83.6,B
4469655,10,5,5,5,10,40,,,,5,5,5,10,5,,,,,,15,15,30,30,5,29,30,5,5,5,5,5,5,5,5,5,5,249,99.6,A
4392601,10,5,5,5,10,40,,10,10,,10,,,,,,,,,15,15,30,30,5,30,30,5,5,5,5,5,5,5,5,5,4,249,99.6,A
4457685,10,5,5,5,10,40,,,,10,20,,,,,,,,,15,15,30,30,5,30,30,5,5,5,5,5,5,5,5,5,5,250,100,A
4460243,9.5,5,5,5,10,40,15,5,,,,,,,,10,,,,15,15,30,30,5,30,30,5,5,5,5,5,4,5,5,4,5,247.5,99,A
4452506,9.75,5,5,5,0,40,,,5,,5,5,,,5,,5,5,,15,15,30,30,5,30,0,5,5,5,5,5,5,4,5,5,5,208.75,83.5,B
4469185,10,5,5,5,10,40,,,,,,,,,,,,,30,0,15,15,30,5,30,30,5,5,5,5,5,5,5,5,5,5,235,94,A
4481648,10,5,5,5,0,0,,,,,,,,,,,,,,0,0,0,30,0,0,30,5,5,5,5,5,4,3,5,5,5,132,52.8,F
4421906,10,5,5,5,10,40,,,,,,20,10,,,,,,,15,15,30,30,5,30,30,5,5,5,5,5,5,3,5,5,5,248,99.2,A
4392946,9.88,5,5,5,10,40,,,10,10,,,,,,10,,,,15,15,30,30,5,30,30,5,5,5,5,5,5,5,5,4,5,248.88,99.55,A
4427204,10,5,5,5,0,40,,,,,5,10,,,,,10,,10,15,15,30,30,5,30,30,5,5,5,5,5,5,5,5,4,5,239,95.6,A
4428255,10,5,0,0,10,40,,,,,,,15,,,,,,20,15,15,30,30,5,0,30,5,5,5,5,5,5,5,5,5,0,205,82,B
4453475,9.81,5,5,5,10,40,,,,,,,15,,,,,,15,15,15,30,30,5,18,30,5,5,5,5,5,5,4,5,3,5,234.81,93.93,A
4418802,10,5,5,5,10,40,,,,,,20,,,,,,,,15,0,15,30,5,30,30,5,5,5,5,5,5,5,5,5,5,235,94,A
4419810,9.38,5,5,5,0,40,,,,10,5,,5,,,5,,5,,15,15,30,30,5,30,30,5,5,5,5,5,5,4,5,5,5,238.38,95.35,A
4336267,10,5,5,5,10,40,,,,20,10,,,,,,,,,15,15,30,30,0,30,30,5,5,5,5,5,5,4,5,5,5,244,97.6,A
4465706,10,5,5,5,10,40,,10,,5,,15,,,,,,,,15,15,30,30,5,30,30,5,5,5,5,5,5,5,5,5,5,250,100,A
4421880,10,5,5,0,10,40,,,,,5,5,5,,,,,15,,15,15,30,30,0,30,30,5,5,5,5,5,5,5,5,4,5,239,95.6,A
4512884,10,5,5,5,10,40,,30,,,,,,,,,,,,15,15,30,30,5,30,30,5,5,5,5,5,5,5,5,5,5,250,100,A
4423719,10,5,5,5,10,40,10,,10,,,,5,5,,,,,,15,15,30,30,5,30,30,4,5,5,5,5,5,5,5,5,4,248,99.2,A
4383921,9.5,5,5,0,10,40,,,,,,,15,,,,,,15,15,15,30,30,5,30,0,5,5,5,5,5,5,0,0,4,5,203.5,81.4,B
4518325,9.13,5,5,5,10,40,,,,,,10,,,,,,,10,0,0,0,0,5,30,30,5,4,5,5,5,4,5,4,5,5,186.13,74.45,C
4477059,9.63,5,0,5,0,40,,,,,,10,,,,,,10,10,0,15,15,30,0,30,30,5,5,0,0,5,5,0,5,4,5,198.63,79.45,C+
4477377,10,5,5,5,10,0,,,20,,,,,,,,,,10,15,15,30,30,5,30,30,5,5,5,5,5,5,5,5,4,5,209,83.6,B
4424820,8.83,5,5,5,10,40,,,,,10,10,,,,,,,10,15,15,30,30,5,30,30,4.33,5,5,5,5,5,5,5,5,5,248.16,99.26,A
4415258,9.94,5,5,0,10,0,,,,,,,,,,,,,20,0,15,15,24,5,30,30,5,5,5,5,5,5,5,5,5,5,183.94,73.58,C
4480906,10,5,5,5,10,40,,5,10,,,,,,10,,,10,,15,15,30,30,5,30,30,5,5,5,5,5,5,5,5,5,5,250,100,A
4332898,10,5,5,5,10,40,,,,10,10,,,,,10,,,,15,15,30,0,5,30,30,5,5,5,5,5,5,4,5,5,5,219,87.6,B
4511667,9.94,5,5,5,10,40,,10,10,,,10,,,,,,,,15,15,30,30,5,30,30,5,5,5,5,5,5,5,5,5,5,249.94,99.98,A
4369296,10,5,5,5,10,40,,,,5,10,,,,10,,,5,,15,15,30,30,5,30,30,5,5,5,5,5,5,4,5,5,5,249,99.6,A
4459176,10,5,5,5,10,40,,10,5,,,,,,20,,,,,15,15,30,30,5,30,30,5,5,5,5,5,5,5,5,5,5,250,100,A
4479537,9.69,5,5,0,10,40,,,,,,,,,,,,,,0,0,0,30,0,0,30,5,5,5,5,0,5,5,0,5,5,169.69,67.88,D
4424246,9.75,5,5,0,10,40,,,,,10,10,,,,10,,,,15,15,30,30,5,30,30,5,5,5,5,5,5,5,5,5,5,244.75,97.9,A
4374607,9.13,5,5,5,10,30,,,,,,,,,,,,,10,0,0,0,22.5,0,0,30,5,5,5,5,5,5,3,5,4,5,163.63,65.45,D
4502311,9.75,5,5,0,10,40,,,,10,,10,,,,10,,,,15,15,30,30,5,0,30,5,5,5,5,5,5,5,5,5,5,214.75,85.9,B
4388973,10,5,5,5,10,0,,,,,10,5,,,,,,5,10,15,15,30,30,2.5,30,30,5,5,5,5,4,5,5,4,4,5,204.5,81.8,B
4402794,10,5,5,5,10,40,,,,,,10,5,,,,10,5,,15,15,30,30,5,30,30,5,5,5,5,5,5,5,5,5,5,250,100,A
4422848,10,5,5,5,10,40,,,20,,,,,,,,,,10,15,15,30,30,5,29,30,5,5,5,5,5,0,4,5,5,5,243,97.2,A
4480855,9.5,5,5,0,0,0,,,,,,20,,,,,,,,15,0,15,0,5,29,30,5,5,5,5,5,5,5,5,5,5,148.5,59.4,F
4414555,9.25,5,3.75,5,10,40,,,,10,10,,10,,,,,,,15,15,30,30,3.75,18,30,5,5,5,5,5,5,5,5,4,5,233.75,93.5,A
4470856,9.89,5,5,5,10,40,,,,,,,15,,,,,,,15,0,15,30,5,30,30,5,5,5,5,5,5,4,5,5,5,233.89,93.56,A
4410977,9.38,5,5,5,10,40,,,,,20,,,,,,,,10,15,15,30,30,5,30,30,4,4,5,5,5,5,5,5,4,5,246.38,98.55,A
4523778,10,5,5,5,10,40,,,,,10,20,,,,,,,,15,15,30,30,5,30,30,5,5,5,5,5,5,4,5,5,5,249,99.6,A
4478649,10,5,5,5,10,40,,,,,,10,20,,,,,,,15,15,30,24,5,30,30,5,5,5,5,5,5,5,4,5,5,243,97.2,A
4374125,9.75,5,5,5,10,30,,10,,10,,,,,10,,,,,15,15,30,30,5,30,30,5,5,5,5,5,5,4,4,5,5,237.75,95.1,A
4506015,10,5,5,5,0,0,,,,,20,10,,,,,,,,15,15,30,30,5,30,30,5,5,5,5,5,5,5,5,4,5,199,79.6,C+
4362411,10,5,5,5,10,40,,,,10,,0,5,,5,,10,,,15,15,30,30,5,30,30,5,5,5,5,5,5,5,5,5,5,250,100,A
4419110,10,5,5,0,10,40,,,,,,,15,,,,,,20,15,15,30,30,5,30,30,5,5,5,5,5,5,5,5,4,5,244,97.6,A
4512785,10,5,5,5,0,0,,10,,5,,,,5,5,5,,,,15,15,30,22.5,5,22.5,30,5,5,5,5,5,5,5,5,5,5,185,74,C
4460001,10,5,5,5,0,0,,,,,,,20,,,,,,10,15,15,30,30,5,30,30,4,5,5,5,5,5,4,3,3,5,194,77.6,C
4420616,10,5,5,5,10,40,,,10,,10,,,,10,,,,,15,15,30,30,5,30,30,5,5,5,5,5,5,4,5,5,5,249,99.6,A
4426280,9.13,5,5,5,0,40,,,,,20,,10,,,,,,,15,15,30,30,5,18,30,5,5,5,5,5,5,5,5,5,5,227.13,90.85,A
4415657,10,5,0,0,10,40,,,,,,,,,,,,,20,0,15,15,30,5,0,30,5,0,5,5,0,5,5,5,5,5,185,74,C
4474214,10,5,5,5,10,40,,,5,,15,10,,,,,,,,15,15,30,30,5,30,30,5,5,5,5,5,5,5,5,5,5,250,100,A
4419954,10,5,5,5,10,40,10,,5,10,,5,,,,,,,,15,15,30,30,5,30,30,5,5,5,5,5,4,5,5,5,5,249,99.6,A
4476933,9.38,5,5,5,10,40,,20,,,,,,,,,10,,,15,15,30,30,5,30,30,5,5,5,5,5,0,5,4,5,5,243.38,97.35,A
4412261,10,5,5,5,10,40,,30,,,,,,,,,,,,15,15,30,30,5,30,30,5,5,5,5,5,5,5,4,5,5,249,99.6,A
4464133,10,5,5,5,10,40,,5,5,10,5,5,,,,,,,,15,15,30,30,5,30,30,5,4,5,5,5,5,5,5,5,5,249,99.6,A
4482622,9.38,5,5,5,0,28,,,,,,,,,,,,,20,0,15,15,30,5,18,30,5,5,5,5,4,5,4,0,3,5,191.38,76.55,C
4507292,10,5,5,5,10,40,,15,,5,5,,,,,5,,,,15,15,30,30,5,30,30,5,5,5,5,5,5,5,5,5,4,249,99.6,A
4416555,9.56,5,5,5,10,40,,,20,,,,,,,,,10,,15,15,30,30,5,29,30,5,5,5,5,5,5,4,5,5,5,247.56,99.03,A
4510479,10,5,5,5,10,40,,,,10,10,10,,,,,,,,15,15,30,30,5,30,30,5,5,5,5,5,5,4,5,5,5,249,99.6,A
4432988,10,5,5,5,0,40,,,,,10,10,10,,,,,,,15,15,30,30,5,30,30,4,5,5,5,5,5,5,5,5,5,239,95.6,A
4425555,10,5,5,5,10,40,,,,5,,10,,,,10,,,,15,0,15,30,5,30,30,4,5,5,5,5,5,5,5,5,5,234,93.6,A
4450339,10,5,5,5,10,40,,30,,,,,,,,,,,,15,15,30,30,5,30,30,4,5,5,5,5,4,5,5,4,5,247,98.8,A
4507247,9.69,5,5,5,10,40,15,,,,,,,,,,,,,15,0,15,30,5,30,30,5,5,5,5,5,5,5,0,5,5,229.69,91.88,A
4420898,9.69,5,5,5,10,40,,,,,20,,,,,10,,,,15,15,30,30,5,30,30,5,5,5,5,5,4,5,5,5,5,248.69,99.48,A
4512727,10,5,5,5,10,40,10,20,10,,,,,,,,,,,15,15,30,30,5,30,30,5,5,5,5,5,5,5,5,5,5,250,100,A
4525529,10,5,5,5,0,0,,,10,,,10,,,,,,,0,15,0,15,30,5,30,30,5,5,5,5,5,5,5,5,5,5,185,74,C
4412312,9.94,5,3.75,5,10,40,,,,5,,15,10,,,,,,,15,15,30,30,5,30,30,5,5,5,5,5,5,5,5,5,5,248.69,99.48,A
4472701,9,5,5,5,0,0,,,,,,,,,,,,,,0,0,0,30,5,0,30,4.67,5,5,5,5,5,3,5,5,5,136.67,54.67,F
4418260,10,5,5,5,10,40,,10,,,,,,,,,,,20,0,15,15,30,5,30,30,5,5,5,5,5,5,5,5,5,5,235,94,A
4425275,9.5,5,5,0,10,0,,,,,10,,10,,,,,,10,15,15,30,30,5,30,30,5,5,5,5,5,5,5,5,4,5,203.5,81.4,B
4448900,10,5,5,5,10,40,,,,5,,5,5,5,5,5,,,,15,15,30,30,5,30,30,5,5,5,5,5,5,5,5,5,5,250,100,A
4380605,10,5,5,5,10,30,,,,,,,,,,,5,,,0,0,0,30,5,29,30,4,5,5,5,5,5,5,4,5,4,206,82.4,B
4411001,10,5,5,5,10,40,,,30,,,,,,,,,,,15,15,30,30,5,30,30,5,5,5,5,5,5,5,5,5,5,250,100,A
4463249,9.88,5,5,5,10,40,,5,,,,10,,,,,,,5,15,0,15,30,0,30,30,5,5,5,5,5,5,5,5,5,5,229.88,91.95,A
4482935,9.69,5,5,5,10,40,,,,,,5,10,,5,,,,,15,0,15,30,5,30,30,0,5,5,5,5,5,4,5,5,5,228.69,91.48,A
4507619,9.25,5,3.75,0,0,40,,,,,15,,,,,,,5,10,15,15,30,30,5,30,30,5,5,5,5,5,5,4,5,5,5,232,92.8,A
4446137,9.94,5,5,0,10,40,,,,,,15,,,,,,,,15,0,15,30,5,30,30,5,5,5,5,5,5,5,5,5,5,229.94,91.98,A
4459281,9.75,5,5,5,10,40,,,,,10,5,,,,10,10,,,15,15,30,30,5,30,30,5,5,5,5,5,5,5,5,5,0,244.75,97.9,A
4392298,9.5,5,5,0,10,40,,,10,,,,,,,,,,10,0,0,0,30,0,18,30,5,5,5,5,5,5,5,5,5,5,197.5,79,C+
4469164,10,5,5,5,10,40,,10,10,,,,,,,10,,,,15,15,30,30,0,30,30,5,5,5,5,5,5,5,5,5,5,245,98,A
4454579,9.75,5,5,5,10,40,,,,,5,5,5,,10,,5,,,15,15,30,30,5,30,30,5,5,5,5,5,5,0,5,5,5,244.75,97.9,A
4502538,10,5,5,5,10,36,10,,20,,,,,,,,,,,15,15,30,30,5,30,30,5,5,5,5,5,5,5,5,5,5,246,98.4,A
4502591,10,5,5,5,10,0,10,,,10,,,,,10,10,,,,15,15,30,30,5,18,30,5,5,5,5,5,5,5,5,5,5,198,79.2,C+
4374631,10,5,5,5,10,40,,,,5,,10,,,5,10,,,,15,15,30,30,5,30,30,5,5,5,5,5,5,5,5,5,5,250,100,A
4375806,10,5,5,5,10,40,,5,,10,,,,,,,,,,15,0,15,30,5,30,30,5,5,5,5,5,5,5,5,5,5,235,94,A
4407474,10,5,0,5,10,40,,5,,,,,10,,,,,,20,15,15,30,30,5,22.5,30,5,5,5,5,5,5,5,5,0,5,232.5,93,A
4460775,10,5,5,0,10,40,,,,,5,5,5,,,5,5,,5,15,15,30,30,5,30,30,5,5,5,5,5,5,5,4,5,5,244,97.6,A
4415655,9.94,5,5,5,10,40,,,,,5,10,,,,10,,5,,15,15,30,30,5,30,30,5,5,5,5,5,5,5,5,5,5,249.94,99.98,A
4459412,9.44,5,5,5,10,0,,,,,,,5,,,,,,,0,0,0,30,5,30,30,5,5,5,5,5,5,4,4,5,0,172.44,68.98,D+
4414817,10,5,5,5,10,40,,10,,,,5,,,5,10,,,,15,15,30,30,5,30,30,5,5,5,5,5,5,5,5,5,5,250,100,A
4411212,9.5,5,5,5,10,40,,10,,5,,5,5,5,,,,,,15,15,30,30,5,18,30,5,5,5,5,5,5,4,5,4,0,230.5,92.2,A
4416092,9.7,5,5,5,10,40,,,,15,,,5,5,,,,5,,15,15,30,30,5,30,30,4,5,5,5,5,5,4,5,5,5,247.7,99.08,A
4426240,10,5,5,5,10,40,,,,10,,5,,,,5,,10,,15,15,30,30,5,30,30,5,5,5,5,5,5,4,5,5,5,249,99.6,A
4444904,9.19,5,5,5,0,40,,10,5,,,,5,10,,,,,,15,15,30,30,5,30,30,5,5,5,5,5,3,5,5,4,5,236.19,94.48,A
4452795,10,5,5,5,10,0,,,,,,10,5,,,,,20,,15,15,30,30,5,30,30,5,5,5,5,5,5,5,5,5,5,210,84,B
4413814,10,5,5,5,10,40,,,,,,,,,,,,,10,0,0,0,30,5,30,30,5,5,5,5,5,5,4,5,5,5,219,87.6,B
4427779,10,5,5,5,0,0,,,,,,10,,,,,,,20,0,15,15,30,5,30,30,5,5,5,5,5,5,5,5,5,5,185,74,C
4514254,8.94,5,5,5,0,40,,,,,,,10,,,,,,,0,0,0,30,5,29,30,5,5,5,5,5,4,5,0,4,4,199.94,79.98,C+
4418748,9.38,5,5,5,10,40,,,,,,,15,,,,,15,,15,15,30,30,5,30,30,5,5,5,5,5,5,3,5,5,5,247.38,98.95,A
4374674,9.13,5,5,5,10,40,,,30,,,,,,,,,,,15,15,30,30,5,30,30,5,5,5,5,5,5,5,5,5,5,249.13,99.65,A
4438426,10,5,5,5,10,40,,,,,20,,,,,,10,,,15,15,30,30,1.25,6.5,30,5,5,5,5,5,5,5,5,5,5,222.75,89.1,B+
4419541,10,5,5,5,10,40,,10,,,,,5,,,,,10,10,15,15,30,30,5,30,30,5,5,5,5,5,5,5,5,5,5,250,100,A
4308244,9.75,5,5,5,10,0,,,,,,10,10,,,,10,,,15,15,30,30,5,30,30,5,5,5,5,5,5,5,5,5,5,209.75,83.9,B
4437505,10,5,5,5,10,40,,,,,5,5,10,,,,5,,15,15,15,30,30,5,29,30,5,5,5,5,5,5,5,5,5,5,249,99.6,A
4480942,10,5,5,3.75,10,0,,,,,5,10,,,5,5,,,5,15,15,30,20,5,29,30,5,5,5,5,5,5,4,5,5,5,196.75,78.7,C+
4376925,10,5,5,0,0,0,,,,10,,,10,,,,,,,15,0,15,0,0,0,30,5,5,5,5,5,5,3,5,5,5,113,45.2,F
4391544,10,5,5,5,10,40,,10,,,,20,,,,,,,,15,15,30,30,5,30,30,5,5,5,5,0,5,5,5,5,5,245,98,A
4376544,9.19,5,5,5,0,0,,,,,,,15,,,,,,,15,0,15,15,5,30,30,5,5,5,5,5,5,5,5,5,5,169.19,67.68,D
4509927,8.75,5,5,5,10,40,,10,15,,,,,,,,,5,,15,15,30,30,5,30,30,4.67,0,5,5,0,0,5,5,0,5,228.42,91.37,A
4410955,10,5,5,5,10,40,,,20,,,,,,10,,,,,15,15,30,30,5,30,30,5,5,5,5,5,5,5,5,5,5,250,100,A
4464869,8.75,5,5,5,0,40,,10,,,,,,,,,,,,0,0,0,30,5,30,30,5,5,5,5,5,5,5,5,3,5,206.75,82.7,B
4407386,9.25,5,5,1.25,10,40,,,,,,,,,,,,,,0,0,0,22.5,0,0,0,4.67,0,5,5,5,5,5,5,5,5,137.67,55.07,F
4374135,10,5,5,0,10,0,,,30,,,,,,,,,,,15,15,30,30,5,22.5,30,5,5,5,5,5,5,5,5,3,5,195.5,78.2,C+
4426836,10,5,3.75,5,10,40,,,,,,,15,,,,,5,10,15,15,30,30,5,14,30,5,5,5,5,5,5,5,5,5,5,232.75,93.1,A
4418571,9.88,5,5,5,10,0,,,,,,,0,5,,,,,10,0,15,15,30,5,30,30,4.67,5,5,0,5,5,5,5,0,5,184.54,73.82,C
4466036,9.25,5,5,5,0,40,,,,,,,15,,,,,,15,15,15,30,30,5,30,30,5,5,5,5,5,5,5,5,5,5,239.25,95.7,A
4375160,9.63,5,3.75,5,10,0,,10,,5,,,,5,10,,,,,15,15,30,30,5,30,30,5,5,5,5,5,5,5,5,5,5,208.38,83.35,B
4462578,9.25,5,5,0,10,40,,,10,,,5,,,,,,,,15,0,15,22,0,18,30,5,5,5,5,5,4,3,4,4,5,199.25,79.7,C+
4408687,10,5,5,0,10,40,,,,10,,10,,,,,,10,10,15,15,30,30,5,30,30,5,5,5,5,5,5,5,5,5,5,245,98,A
4482498,10,5,5,5,10,40,,,,,,,,,,,,,15,0,15,15,30,0,30,30,5,2,5,5,5,4,4,4,4,5,223,89.2,B+
4451036,10,5,5,5,10,40,,30,,,,,,,,,,,,15,15,30,30,5,30,30,5,5,5,5,5,5,5,5,5,5,250,100,A
4503262,9.75,5,5,5,10,40,,,,,,,20,,,,,,10,15,15,30,30,5,30,30,5,5,0,5,5,5,5,5,5,5,244.75,97.9,A
4421738,9.75,5,5,5,10,40,,,,,5,,10,,,,,20,,15,15,30,30,5,22.5,30,5,4,5,5,5,5,5,5,5,5,241.25,96.5,A
4475304,8.69,5,5,0,0,40,,10,,,,5,,,,,,,10,15,0,15,30,5,30,30,5,5,5,5,5,5,3,5,5,5,216.69,86.68,B
4502117,0,5,0,0,10,40,,,,,,,15,,,,,,20,15,15,30,30,0,0,30,0,5,5,5,5,5,0,5,0,5,180,72,C
4473446,10,5,5,5,10,40,,,20,,,,,,,,,10,,15,15,30,30,5,30,30,5,5,5,5,5,5,5,4,5,5,249,99.6,A
4439560,9.25,5,5,0,10,0,,,,10,,5,,,,,,,,15,0,15,30,5,30,30,5,5,5,5,5,5,5,5,5,0,184.25,73.7,C
4407731,10,5,5,5,10,0,,,,,,,15,,,,,,,15,0,15,30,0,30,30,5,5,5,5,5,5,5,5,5,5,190,76,C
4411072,8.88,5,5,5,10,40,,,,,,,15,,,,,,15,15,15,30,30,5,29,30,5,5,5,5,5,5,5,5,5,5,247.88,99.15,A
4428344,10,5,5,5,10,40,,,,,,,20,,,,,,10,15,15,30,30,5,30,30,5,5,5,5,5,5,5,0,5,5,245,98,A
4461345,9.44,5,5,5,10,40,,,,,10,,10,,,,,5,5,15,15,30,30,5,30,30,5,5,5,5,4,5,5,5,5,5,248.44,99.38,A
4419550,10,5,5,5,0,40,,,,,,,15,,,,,,15,15,15,30,30,5,30,30,5,5,5,5,5,5,4,5,5,5,239,95.6,A
4472585,10,5,5,5,10,40,,10,10,,,,,,,,10,,,15,15,30,30,5,22.5,30,5,5,5,5,5,5,5,4,5,4,240.5,96.2,A
4422407,10,5,5,5,10,40,,30,,,,,,,,,,,,15,15,30,30,5,30,30,4.67,5,5,5,5,5,5,5,5,5,249.67,99.87,A
4379158,9.63,5,5,5,0,40,,,,5,5,5,,,,,,,15,15,15,30,30,5,30,30,5,5,5,5,5,5,5,5,5,5,239.63,95.85,A
4420014,10,5,5,5,10,40,,,,,,,20,,,,,,10,15,15,30,30,5,30,30,4,5,5,5,5,5,5,5,5,5,249,99.6,A
4340327,10,5,5,5,10,0,,,,15,,,,,,,,,15,15,15,30,30,5,30,30,5,5,5,5,5,5,5,5,5,5,210,84,B
4511096,10,5,5,5,10,40,,,,,5,30,,,,,,,,15,15,30,30,5,30,30,5,5,5,5,5,5,5,5,5,5,250,100,A
4471216,10,5,5,0,0,40,,10,,,,,5,,,,,,15,15,15,30,30,5,30,30,5,5,5,5,5,5,5,5,5,5,235,94,A
4392087,9.75,5,5,5,10,40,,,10,10,,,,,10,,,,,15,15,30,30,5,30,30,5,5,5,5,5,5,5,5,5,5,249.75,99.9,A
4406858,10,5,5,5,10,40,,,20,,5,5,,,,,,,,15,15,30,30,5,30,30,5,5,5,5,5,5,5,5,5,5,250,100,A
4389431,10,5,5,5,10,40,,,,,,,15,,,,,,15,15,15,30,30,5,30,30,5,5,5,5,5,5,3,5,5,5,248,99.2,A
4477314,9.81,5,5,0,10,40,,10,5,5,,,,,,10,,,,15,15,30,30,5,30,30,5,5,5,5,5,5,5,5,5,5,244.81,97.93,A
4166926,9.88,5,5,2.5,10,30,,,,,10,10,,,,,,10,,15,15,30,30,5,30,30,5,5,5,5,5,5,4,5,4,5,235.38,94.15,A
4510058,9.5,5,5,5,0,40,,,,,10,10,,,10,,,,,15,15,30,30,5,30,30,5,5,5,5,5,5,4,5,5,4,237.5,95,A
4503271,10,5,5,5,0,0,,,,,,,30,,,,,,,15,15,30,30,5,0,0,5,5,5,5,5,5,5,5,5,5,140,56,F
4382867,10,5,5,0,10,40,,,,,,,15,,,,,,15,15,15,30,30,5,22.5,30,5,5,5,5,5,5,0,5,5,5,232.5,93,A
4403332,8.81,5,5,5,10,40,,,,,10,10,10,,,,,,,15,15,30,30,5,30,30,5,5,5,5,5,5,5,5,5,5,248.81,99.53,A
4453174,10,5,5,5,10,30,,,,,5,10,,,,,,,15,15,15,30,30,5,30,30,5,5,5,5,5,5,5,5,5,5,240,96,A
4451315,10,3.75,5,5,10,40,,,,,15,,,,,,10,,10,15,15,30,30,5,30,30,3,4,5,5,5,4,5,5,5,5,244.75,97.9,A
4462221,10,3.75,5,5,10,40,,,10,,,,,,,,,,,15,15,30,22.5,5,30,30,5,5,5,5,5,5,5,5,5,5,241.25,96.5,A
4437373,9.75,3.75,5,0,10,0,,,,,,,,,,,,,,0,0,0,30,0,0,0,5,4,5,5,0,0,0,0,5,0,82.5,33,F
4514236,9.75,3.75,5,0,10,10,,,,,,,30,,,,,,,15,15,30,30,5,29,30,4,5,5,5,5,5,4,4,5,5,209.5,83.8,B
4479202,9.75,3.75,5,5,10,40,,,10,,10,,,,,10,,,,15,15,30,30,5,30,30,5,5,5,5,5,5,5,5,5,5,248.5,99.4,A
4372231,9.9,3.75,0,0,10,40,,,,,,,,,,,,,,0,0,0,15,0,30,30,5,5,5,5,5,5,5,4,5,4,186.65,74.66,C
4468961,9.69,3.75,3.75,5,0,0,,,,,,,,,,,,,15,0,15,15,22.5,0,30,30,5,5,5,5,5,5,5,5,4,5,168.69,67.48,D
4425622,9.69,3.75,5,5,10,40,,,,,,5,10,,,,,,15,15,15,30,30,5,30,30,5,5,5,5,5,5,5,5,3,5,246.44,98.58,A
4409581,8.94,3.75,5,5,10,40,,10,,,,,10,,,,,,10,15,15,30,30,5,30,30,5,3,5,5,5,5,4,5,5,5,244.69,97.88,A
4438033,7.75,3.75,3.75,2.5,10,40,,,,,,10,20,,,,,,,15,15,30,22.5,5,22.5,30,5,5,5,5,5,5,5,5,5,5,227.75,91.1,A
4414121,10,3.75,5,0,10,40,,,,,,10,,,,,,,,0,0,0,22.5,5,22.5,30,5,4,5,5,5,5,5,5,5,5,197.75,79.1,C+
4480806,9.5,2.5,0,5,10,40,,,,,,,20,,,,,,10,15,15,30,30,5,30,30,5,5,5,5,5,5,5,4,5,5,241,96.4,A
4400663,9.19,2.5,5,0,10,40,,,,,10,,10,,,,,10,,15,15,30,30,5,30,30,5,5,5,5,5,5,5,5,5,5,241.69,96.68,A
4334920,1,2.5,5,5,0,40,,,,,,,15,,,,,15,,15,15,30,10,5,30,30,4.67,5,5,5,5,5,5,5,5,5,208.17,83.27,B
4510947,10,2.5,5,5,10,40,,,,,,10,5,,,,,,20,15,15,30,30,5,15,30,5,5,0,5,5,5,5,0,5,5,222.5,89,B+
4374525,9.25,2.5,5,5,10,40,,,,,,5,10,,,,,,,15,0,15,30,5,30,30,5,5,5,5,5,5,5,4,5,5,230.75,92.3,A
4512673,8.63,2.5,5,5,0,0,,,,,,,,,,,,,20,0,15,15,30,5,30,30,5,5,5,5,5,5,5,5,5,5,181.13,72.45,C
4423060,10,2.5,5,5,0,40,,0,,,,5,0,5,,10,,,,0,15,15,30,5,30,30,5,5,5,0,5,5,5,4,5,5,216.5,86.6,B
4423961,10,1.25,5,5,10,40,,,,,,,15,,,,,,15,15,15,30,30,5,30,30,5,5,5,5,5,5,5,5,5,5,246.25,98.5,A
4512926,9.75,1.25,5,0,0,0,,,,,5,,10,,,,,,15,15,15,30,30,0,0,0,5,5,5,5,5,5,4,4,5,5,124,49.6,F
4380740,9.88,0,3.75,5,10,32,,10,,,,,5,,,,,,15,15,15,30,22.5,5,15,30,5,5,5,5,0,5,5,5,5,5,208.13,83.25,B
4380630,9.51,0,5,5,10,30,,,,0,,15,,,,,,,,15,0,15,30,0,30,0,4.67,5,5,5,5,5,5,5,5,5,184.18,73.67,C
4473655,10,0,5,5,10,40,,,10,,10,,,,,,,10,,15,15,30,30,5,30,30,4.67,5,5,5,5,5,5,5,5,5,244.67,97.87,A
4384701,8.13,0,0,5,10,30,,,,,,,15,,,,,,15,15,15,30,30,5,0,0,5,5,5,5,5,0,5,0,0,5,153.13,61.25,D
4436924,8.88,0,0,0,0,0,,,,,,,,,,,,,,0,0,0,0,0,0,0,4,5,0,5,5,5,5,5,0,0,42.88,17.15,F
4428556,10,0,5,5,10,40,,,10,,10,,,,,,,,10,15,15,30,30,5,30,30,5,5,5,5,5,5,5,5,4,5,244,97.6,A
4447922,10,0,0,0,0,0,,,,,,,,,,,,,,0,0,0,0,0,0,0,5,4,5,0,5,5,5,0,4,0,43,17.2,F
4426410,9.5,0,0,0,10,40,,,,,,,,,,,,,,0,0,0,30,5,29,30,5,5,5,5,5,5,0,5,4,0,192.5,77,C
4425882,10,0,0,5,10,40,,,,10,,,10,,,,,,20,15,15,30,22.5,5,29,30,5,5,5,5,0,5,5,4,5,5,225.5,90.2,A
4450780,9.69,0,0,5,10,40,10,,,,,,5,,,,,,15,15,15,30,22.5,0,15,30,5,5,0,5,0,0,5,5,0,5,192.19,76.88,C
4458689,9,0,5,0,10,40,,,10,,,5,,,,10,10,,,15,15,30,30,5,30,30,5,5,5,5,5,5,5,5,4,5,238,95.2,A
4449185,9.88,0,0,0,10,40,,,,10,,10,10,,,,,,,15,15,30,30,0,30,30,5,4,5,5,5,5,5,5,5,0,223.88,89.55,B+
4362425,9.06,0,0,0,0,0,,,,,,,,,,,,,,0,0,0,0,0,0,0,0,0,5,5,0,0,0,0,0,0,19.06,7.63,F
4419038,10,0,5,5,10,40,,,,,,,25,,,,,,5,15,15,30,30,5,29,30,4,5,5,5,5,5,5,5,5,5,243,97.2,A
4406325,9.56,0,5,0,0,40,,,,,,5,10,,,,,15,,15,15,30,30,0,30,30,5,5,5,5,5,5,5,5,4,5,223.56,89.43,B+
4447792,9.94,0,5,5,10,40,,,,,,20,,,,,,10,,15,15,30,30,5,30,30,5,5,5,5,5,5,5,5,5,5,244.94,97.98,A
4381033,9.75,0,5,5,10,40,,,,,,,15,,,,,,,15,0,15,0,5,0,30,5,0,0,4,5,5,5,5,5,5,158.75,63.5,D
4371749,9.06,0,0,0,10,40,,,,0,,0,,,,5,,,0,15,0,15,7.5,0,29,30,0,5,5,5,5,5,5,5,5,5,185.56,74.23,C
4507238,9.5,0,0,0,0,0,,,,,,5,10,,,,,,,15,0,15,30,0,0,30,4,5,5,5,0,0,5,5,5,0,118.5,47.4,F
4445235,4.5,0,0,0,10,0,,,,,,,15,,,,,,,15,0,15,30,5,0,0,0,0,5,5,5,5,5,5,0,0,94.5,37.8,F
4408113,10,0,0,0,0,40,,,10,,,10,,,,,,,10,15,15,30,0,0,22.5,30,5,5,5,5,5,5,5,5,5,5,182.5,73,C
4482626,9.25,0,5,0,0,0,,,,,,,15,,,,,30,,15,15,30,30,5,30,30,5,5,5,5,5,5,4,5,5,5,188.25,75.3,C
4428088,10,0,5,5,0,0,,,,,10,,10,,,,,,10,15,15,30,30,5,29,30,5,5,5,5,5,5,5,5,5,5,194,77.6,C
4396082,9.56,0,0,0,10,40,,,,,,,,,,,,,20,0,15,15,0,5,30,30,0,5,5,5,5,5,3,5,4,5,181.56,72.63,C
4384497,9.19,0,0,0,10,30,,,,,,,,,,,,,,0,0,0,30,0,0,30,4,5,5,5,5,5,5,5,5,5,158.19,63.28,D
4545589,0,0,0,0,0,0,,,,,,,,,,,,,,,,,0,0,0,0,0,0,0,0,0,0,0,0,0,0,0,0,F
