QUIZ: Financial Aid Requirement,Career Action Plan Check-In 1,Career Action Plan Check-In 2,Career Action Plan Check-In 3,Part 1 of Final Project - Interview Professional Approval Due Oct 17th,Part 2 of Final Project: Informational Interview - Due November 17th,Week 1: To-DO Points Submission,Week 2: To-DO Points Submission,Week 3: To-DO Points Submission,Week 4: To-DO Points Submission,Week 5: To-DO Points Submission,Week 6: To-DO Points Submission,Week 7: To-DO Points Submission,Week 8: To-DO Points Submission,Week 9: To-DO Points Submission,Week 10: To-DO Points Submission,Week 11: To-DO Points Submission,Week 12: To-DO Points Submission,Week 13: To-DO Points Submission,1st Points Deadline Activity Assignment,2nd Points Deadline Activity Assignment,Final Earned To-DO Points Running Total (Max 30),Assignment 1: Networking with a Purpose,Assignment 2: The Optimized Resume,Assignment 3: Communicating Your Brand,In-Class LIVE Lecture Assignment for Attendance,Week 2 Quiz,Week 3 Quiz,Week 4 Quiz,Week 5 Quiz,Week 6 Quiz,Week 7 Quiz,Week 8 Quiz,Week 9 Quiz,Week 11 Quiz,Week 13 Quiz,Assignments Final Points,Assignments Final Score,Final Points,Final Score,Final Grade
10.0,5.0,5.0,5.0,10,40,0.0,0.0,0.0,0.0,0.0,0.0,0.0,0.0,0.0,0.0,0.0,0.0,0.0,15.0,15.0,30.0,30.0,5.0,30.0,30,5.0,5,5,5,5,5,5,5,5,5,225.0,100.0,250.0,100.0,
10.0,5.0,5.0,5.0,10,30,,,,,5.0,10.0,,,,,,,15.0,15.0,15.0,30.0,30.0,5.0,30.0,30,5.0,5,5,5,5,5,5,5,5,5,215.0,95.56,240.0,96.0,A
8.81,5.0,5.0,5.0,10,40,,,,,10.0,10.0,10.0,,,,,,,15.0,15.0,30.0,30.0,5.0,30.0,30,5.0,5,5,5,5,5,5,5,5,5,225.0,100.0,248.81,99.53,A
10.0,5.0,5.0,0.0,10,40,,,,,,,15.0,,,,,,15.0,15.0,15.0,30.0,30.0,5.0,22.5,30,5.0,5,5,5,5,5,0,5,5,5,212.5,94.44,232.5,93.0,A
10.0,5.0,5.0,5.0,0,0,,,,,,,30.0,,,,,,,15.0,15.0,30.0,30.0,5.0,0.0,0,5.0,5,5,5,5,5,5,5,5,5,115.0,51.11,140.0,56.0,F
9.5,5.0,5.0,5.0,0,40,,,,,10.0,10.0,,,10.0,,,,,15.0,15.0,30.0,30.0,5.0,30.0,30,5.0,5,5,5,5,5,4,5,5,4,213.0,94.67,237.5,95.0,A
9.88,5.0,5.0,2.5,10,30,,,,,10.0,10.0,,,,,,10.0,,15.0,15.0,30.0,30.0,5.0,30.0,30,5.0,5,5,5,5,5,4,5,4,5,213.0,94.67,235.38,94.15,A
9.81,5.0,5.0,0.0,10,40,,10.0,5.0,5.0,,,,,,10.0,,,,15.0,15.0,30.0,30.0,5.0,30.0,30,5.0,5,5,5,5,5,5,5,5,5,225.0,100.0,244.81,97.93,A
10.0,5.0,5.0,5.0,10,40,,,,,,,15.0,,,,,,15.0,15.0,15.0,30.0,30.0,5.0,30.0,30,5.0,5,5,5,5,5,3,5,5,5,223.0,99.11,248.0,99.2,A
10.0,2.5,5.0,5.0,0,40,,0.0,,,,5.0,0.0,5.0,,10.0,,,,0.0,15.0,15.0,30.0,5.0,30.0,30,5.0,5,5,0,5,5,5,4,5,5,194.0,86.22,216.5,86.6,B
10.0,5.0,5.0,5.0,10,40,,,20.0,,5.0,5.0,,,,,,,,15.0,15.0,30.0,30.0,5.0,30.0,30,5.0,5,5,5,5,5,5,5,5,5,225.0,100.0,250.0,100.0,A
9.75,5.0,5.0,5.0,10,40,,,10.0,10.0,,,,,10.0,,,,,15.0,15.0,30.0,30.0,5.0,30.0,30,5.0,5,5,5,5,5,5,5,5,5,225.0,100.0,249.75,99.9,A
10.0,5.0,5.0,0.0,0,40,,10.0,,,,,5.0,,,,,,15.0,15.0,15.0,30.0,30.0,5.0,30.0,30,5.0,5,5,5,5,5,5,5,5,5,215.0,95.56,235.0,94.0,A
10.0,5.0,5.0,5.0,10,40,,,,,5.0,30.0,,,,,,,,15.0,15.0,30.0,30.0,5.0,30.0,30,5.0,5,5,5,5,5,5,5,5,5,225.0,100.0,250.0,100.0,A
10.0,5.0,5.0,5.0,10,0,,,,15.0,,,,,,,,,15.0,15.0,15.0,30.0,30.0,5.0,30.0,30,5.0,5,5,5,5,5,5,5,5,5,185.0,82.22,210.0,84.0,B
10.0,5.0,5.0,5.0,10,40,,,,,,,20.0,,,,,,10.0,15.0,15.0,30.0,30.0,5.0,30.0,30,4.0,5,5,5,5,5,5,5,5,5,224.0,99.56,249.0,99.6,A
9.63,5.0,5.0,5.0,0,40,,,,5.0,5.0,5.0,,,,,,,15.0,15.0,15.0,30.0,30.0,5.0,30.0,30,5.0,5,5,5,5,5,5,5,5,5,215.0,95.56,239.63,95.85,A
10.0,5.0,5.0,5.0,10,40,,30.0,,,,,,,,,,,,15.0,15.0,30.0,30.0,5.0,30.0,30,4.67,5,5,5,5,5,5,5,5,5,224.67,99.85,249.67,99.87,A
10.0,5.0,5.0,5.0,10,40,,10.0,10.0,,,,,,,,10.0,,,15.0,15.0,30.0,30.0,5.0,22.5,30,5.0,5,5,5,5,5,5,4,5,4,215.5,95.78,240.5,96.2,A
10.0,5.0,5.0,5.0,0,40,,,,,,,15.0,,,,,,15.0,15.0,15.0,30.0,30.0,5.0,30.0,30,5.0,5,5,5,5,5,4,5,5,5,214.0,95.11,239.0,95.6,A
9.44,5.0,5.0,5.0,10,40,,,,,10.0,,10.0,,,,,5.0,5.0,15.0,15.0,30.0,30.0,5.0,30.0,30,5.0,5,5,5,4,5,5,5,5,5,224.0,99.56,248.44,99.38,A
9.19,0.0,0.0,0.0,10,30,,,,,,,,,,,,,,0.0,0.0,0.0,30.0,0.0,0.0,30,4.0,5,5,5,5,5,5,5,5,5,149.0,66.22,158.19,63.28,D
10.0,5.0,5.0,5.0,10,40,,,,,,,20.0,,,,,,10.0,15.0,15.0,30.0,30.0,5.0,30.0,30,5.0,5,5,5,5,5,5,0,5,5,220.0,97.78,245.0,98.0,A
8.88,5.0,5.0,5.0,10,40,,,,,,,15.0,,,,,,15.0,15.0,15.0,30.0,30.0,5.0,29.0,30,5.0,5,5,5,5,5,5,5,5,5,224.0,99.56,247.88,99.15,A
10.0,5.0,5.0,5.0,10,0,,,,,,,15.0,,,,,,,15.0,0.0,15.0,30.0,0.0,30.0,30,5.0,5,5,5,5,5,5,5,5,5,165.0,73.33,190.0,76.0,C
9.25,5.0,5.0,0.0,10,0,,,,10.0,,5.0,,,,,,,,15.0,0.0,15.0,30.0,5.0,30.0,30,5.0,5,5,5,5,5,5,5,5,0,165.0,73.33,184.25,73.7,C
10.0,5.0,5.0,5.0,10,40,,,20.0,,,,,,,,,10.0,,15.0,15.0,30.0,30.0,5.0,30.0,30,5.0,5,5,5,5,5,5,4,5,5,224.0,99.56,249.0,99.6,A
0.0,5.0,0.0,0.0,10,40,,,,,,,15.0,,,,,,20.0,15.0,15.0,30.0,30.0,0.0,0.0,30,0.0,5,5,5,5,5,0,5,0,5,175.0,77.78,180.0,72.0,C
10.0,3.75,5.0,0.0,10,40,,,,,,10.0,,,,,,,,0.0,0.0,0.0,22.5,5.0,22.5,30,5.0,4,5,5,5,5,5,5,5,5,179.0,79.56,197.75,79.1,C+
8.69,5.0,5.0,0.0,0,40,,10.0,,,,5.0,,,,,,,10.0,15.0,0.0,15.0,30.0,5.0,30.0,30,5.0,5,5,5,5,5,3,5,5,5,198.0,88.0,216.69,86.68,B
9.75,5.0,5.0,5.0,10,40,,,,,5.0,,10.0,,,,,20.0,,15.0,15.0,30.0,30.0,5.0,22.5,30,5.0,4,5,5,5,5,5,5,5,5,216.5,96.22,241.25,96.5,A
9.75,5.0,5.0,5.0,10,40,,,,,,,20.0,,,,,,10.0,15.0,15.0,30.0,30.0,5.0,30.0,30,5.0,5,0,5,5,5,5,5,5,5,220.0,97.78,244.75,97.9,A
10.0,5.0,5.0,5.0,10,40,,30.0,,,,,,,,,,,,15.0,15.0,30.0,30.0,5.0,30.0,30,5.0,5,5,5,5,5,5,5,5,5,225.0,100.0,250.0,100.0,A
10.0,5.0,5.0,5.0,10,40,,,,,,,,,,,,,15.0,0.0,15.0,15.0,30.0,0.0,30.0,30,5.0,2,5,5,5,4,4,4,4,5,198.0,88.0,223.0,89.2,B+
10.0,5.0,5.0,0.0,10,40,,,,10.0,,10.0,,,,,,10.0,10.0,15.0,15.0,30.0,30.0,5.0,30.0,30,5.0,5,5,5,5,5,5,5,5,5,225.0,100.0,245.0,98.0,A
9.25,5.0,5.0,0.0,10,40,,,10.0,,,5.0,,,,,,,,15.0,0.0,15.0,22.0,0.0,18.0,30,5.0,5,5,5,5,4,3,4,4,5,180.0,80.0,199.25,79.7,C+
9.63,5.0,3.75,5.0,10,0,,10.0,,5.0,,,,5.0,10.0,,,,,15.0,15.0,30.0,30.0,5.0,30.0,30,5.0,5,5,5,5,5,5,5,5,5,185.0,82.22,208.38,83.35,B
9.25,5.0,5.0,5.0,0,40,,,,,,,15.0,,,,,,15.0,15.0,15.0,30.0,30.0,5.0,30.0,30,5.0,5,5,5,5,5,5,5,5,5,215.0,95.56,239.25,95.7,A
9.88,5.0,5.0,5.0,10,0,,,,,,,0.0,5.0,,,,,10.0,0.0,15.0,15.0,30.0,5.0,30.0,30,4.67,5,5,0,5,5,5,5,0,5,159.67,70.96,184.54,73.82,C
10.0,5.0,3.75,5.0,10,40,,,,,,,15.0,,,,,5.0,10.0,15.0,15.0,30.0,30.0,5.0,14.0,30,5.0,5,5,5,5,5,5,5,5,5,209.0,92.89,232.75,93.1,A
10.0,5.0,5.0,0.0,10,0,,,30.0,,,,,,,,,,,15.0,15.0,30.0,30.0,5.0,22.5,30,5.0,5,5,5,5,5,5,5,3,5,175.5,78.0,195.5,78.2,C+
9.25,5.0,5.0,1.25,10,40,,,,,,,,,,,,,,0.0,0.0,0.0,22.5,0.0,0.0,0,4.67,0,5,5,5,5,5,5,5,5,117.17,52.07,137.67,55.07,F
8.75,5.0,5.0,5.0,0,40,,10.0,,,,,,,,,,,,0.0,0.0,0.0,30.0,5.0,30.0,30,5.0,5,5,5,5,5,5,5,3,5,183.0,81.33,206.75,82.7,B
10.0,5.0,5.0,5.0,10,40,,,20.0,,,,,,10.0,,,,,15.0,15.0,30.0,30.0,5.0,30.0,30,5.0,5,5,5,5,5,5,5,5,5,225.0,100.0,250.0,100.0,A
8.75,5.0,5.0,5.0,10,40,,10.0,15.0,,,,,,,,,5.0,,15.0,15.0,30.0,30.0,5.0,30.0,30,4.67,0,5,5,0,0,5,5,0,5,204.67,90.96,228.42,91.37,A
9.19,5.0,5.0,5.0,0,0,,,,,,,15.0,,,,,,,15.0,0.0,15.0,15.0,5.0,30.0,30,5.0,5,5,5,5,5,5,5,5,5,145.0,64.44,169.19,67.68,D
10.0,5.0,5.0,5.0,10,40,,10.0,,,,20.0,,,,,,,,15.0,15.0,30.0,30.0,5.0,30.0,30,5.0,5,5,5,0,5,5,5,5,5,220.0,97.78,245.0,98.0,A
10.0,5.0,5.0,0.0,0,0,,,,10.0,,,10.0,,,,,,,15.0,0.0,15.0,0.0,0.0,0.0,30,5.0,5,5,5,5,5,3,5,5,5,93.0,41.33,113.0,45.2,F
10.0,5.0,5.0,3.75,10,0,,,,,5.0,10.0,,,5.0,5.0,,,5.0,15.0,15.0,30.0,20.0,5.0,29.0,30,5.0,5,5,5,5,5,4,5,5,5,173.0,76.89,196.75,78.7,C+
10.0,5.0,5.0,5.0,10,40,,,,,5.0,5.0,10.0,,,,5.0,,15.0,15.0,15.0,30.0,30.0,5.0,29.0,30,5.0,5,5,5,5,5,5,5,5,5,224.0,99.56,249.0,99.6,A
9.75,5.0,5.0,5.0,10,0,,,,,,10.0,10.0,,,,10.0,,,15.0,15.0,30.0,30.0,5.0,30.0,30,5.0,5,5,5,5,5,5,5,5,5,185.0,82.22,209.75,83.9,B
10.0,5.0,5.0,5.0,10,40,,10.0,,,,,5.0,,,,,10.0,10.0,15.0,15.0,30.0,30.0,5.0,30.0,30,5.0,5,5,5,5,5,5,5,5,5,225.0,100.0,250.0,100.0,A
10.0,5.0,5.0,5.0,10,40,,,,,20.0,,,,,,10.0,,,15.0,15.0,30.0,30.0,1.25,6.5,30,5.0,5,5,5,5,5,5,5,5,5,197.75,87.89,222.75,89.1,B+
9.13,5.0,5.0,5.0,10,40,,,30.0,,,,,,,,,,,15.0,15.0,30.0,30.0,5.0,30.0,30,5.0,5,5,5,5,5,5,5,5,5,225.0,100.0,249.13,99.65,A
9.38,5.0,5.0,5.0,10,40,,,,,,,15.0,,,,,15.0,,15.0,15.0,30.0,30.0,5.0,30.0,30,5.0,5,5,5,5,5,3,5,5,5,223.0,99.11,247.38,98.95,A
8.94,5.0,5.0,5.0,0,40,,,,,,,10.0,,,,,,,0.0,0.0,0.0,30.0,5.0,29.0,30,5.0,5,5,5,5,4,5,0,4,4,176.0,78.22,199.94,79.98,C+
9.56,0.0,0.0,0.0,10,40,,,,,,,,,,,,,20.0,0.0,15.0,15.0,0.0,5.0,30.0,30,0.0,5,5,5,5,5,3,5,4,5,172.0,76.44,181.56,72.63,C
10.0,5.0,5.0,5.0,0,0,,,,,,10.0,,,,,,,20.0,0.0,15.0,15.0,30.0,5.0,30.0,30,5.0,5,5,5,5,5,5,5,5,5,160.0,71.11,185.0,74.0,C
10.0,5.0,5.0,5.0,10,40,,,,,,,,,,,,,10.0,0.0,0.0,0.0,30.0,5.0,30.0,30,5.0,5,5,5,5,5,4,5,5,5,194.0,86.22,219.0,87.6,B
10.0,5.0,5.0,5.0,10,0,,,,,,10.0,5.0,,,,,20.0,,15.0,15.0,30.0,30.0,5.0,30.0,30,5.0,5,5,5,5,5,5,5,5,5,185.0,82.22,210.0,84.0,B
9.19,5.0,5.0,5.0,0,40,,10.0,5.0,,,,5.0,10.0,,,,,,15.0,15.0,30.0,30.0,5.0,30.0,30,5.0,5,5,5,5,3,5,5,4,5,212.0,94.22,236.19,94.48,A
10.0,5.0,5.0,5.0,10,40,,,,10.0,,5.0,,,,5.0,,10.0,,15.0,15.0,30.0,30.0,5.0,30.0,30,5.0,5,5,5,5,5,4,5,5,5,224.0,99.56,249.0,99.6,A
9.7,5.0,5.0,5.0,10,40,,,,15.0,,,5.0,5.0,,,,5.0,,15.0,15.0,30.0,30.0,5.0,30.0,30,4.0,5,5,5,5,5,4,5,5,5,223.0,99.11,247.7,99.08,A
9.5,5.0,5.0,5.0,10,40,,10.0,,5.0,,5.0,5.0,5.0,,,,,,15.0,15.0,30.0,30.0,5.0,18.0,30,5.0,5,5,5,5,5,4,5,4,0,206.0,91.56,230.5,92.2,A
10.0,5.0,5.0,5.0,10,40,,10.0,,,,5.0,,,5.0,10.0,,,,15.0,15.0,30.0,30.0,5.0,30.0,30,5.0,5,5,5,5,5,5,5,5,5,225.0,100.0,250.0,100.0,A
9.44,5.0,5.0,5.0,10,0,,,,,,,5.0,,,,,,,0.0,0.0,0.0,30.0,5.0,30.0,30,5.0,5,5,5,5,5,4,4,5,0,148.0,65.78,172.44,68.98,D+
9.94,5.0,5.0,5.0,10,40,,,,,5.0,10.0,,,,10.0,,5.0,,15.0,15.0,30.0,30.0,5.0,30.0,30,5.0,5,5,5,5,5,5,5,5,5,225.0,100.0,249.94,99.98,A
10.0,5.0,5.0,0.0,10,40,,,,,5.0,5.0,5.0,,,5.0,5.0,,5.0,15.0,15.0,30.0,30.0,5.0,30.0,30,5.0,5,5,5,5,5,5,4,5,5,224.0,99.56,244.0,97.6,A
10.0,5.0,0.0,5.0,10,40,,5.0,,,,,10.0,,,,,,20.0,15.0,15.0,30.0,30.0,5.0,22.5,30,5.0,5,5,5,5,5,5,5,0,5,212.5,94.44,232.5,93.0,A
10.0,5.0,5.0,5.0,10,40,,5.0,,10.0,,,,,,,,,,15.0,0.0,15.0,30.0,5.0,30.0,30,5.0,5,5,5,5,5,5,5,5,5,210.0,93.33,235.0,94.0,A
10.0,5.0,5.0,5.0,10,40,,,,5.0,,10.0,,,5.0,10.0,,,,15.0,15.0,30.0,30.0,5.0,30.0,30,5.0,5,5,5,5,5,5,5,5,5,225.0,100.0,250.0,100.0,A
10.0,0.0,5.0,5.0,0,0,,,,,10.0,,10.0,,,,,,10.0,15.0,15.0,30.0,30.0,5.0,29.0,30,5.0,5,5,5,5,5,5,5,5,5,174.0,77.33,194.0,77.6,C
10.0,5.0,5.0,5.0,10,0,10.0,,,10.0,,,,,10.0,10.0,,,,15.0,15.0,30.0,30.0,5.0,18.0,30,5.0,5,5,5,5,5,5,5,5,5,173.0,76.89,198.0,79.2,C+
10.0,5.0,5.0,5.0,10,36,10.0,,20.0,,,,,,,,,,,15.0,15.0,30.0,30.0,5.0,30.0,30,5.0,5,5,5,5,5,5,5,5,5,221.0,98.22,246.0,98.4,A
9.75,5.0,5.0,5.0,10,40,,,,,5.0,5.0,5.0,,10.0,,5.0,,,15.0,15.0,30.0,30.0,5.0,30.0,30,5.0,5,5,5,5,5,0,5,5,5,220.0,97.78,244.75,97.9,A
10.0,5.0,5.0,5.0,10,40,,10.0,10.0,,,,,,,10.0,,,,15.0,15.0,30.0,30.0,0.0,30.0,30,5.0,5,5,5,5,5,5,5,5,5,220.0,97.78,245.0,98.0,A
7.75,3.75,3.75,2.5,10,40,,,,,,10.0,20.0,,,,,,,15.0,15.0,30.0,22.5,5.0,22.5,30,5.0,5,5,5,5,5,5,5,5,5,210.0,93.33,227.75,91.1,A
9.5,5.0,5.0,0.0,10,40,,,10.0,,,,,,,,,,10.0,0.0,0.0,0.0,30.0,0.0,18.0,30,5.0,5,5,5,5,5,5,5,5,5,178.0,79.11,197.5,79.0,C+
9.75,5.0,5.0,5.0,10,40,,,,,10.0,5.0,,,,10.0,10.0,,,15.0,15.0,30.0,30.0,5.0,30.0,30,5.0,5,5,5,5,5,5,5,5,0,220.0,97.78,244.75,97.9,A
9.94,5.0,5.0,0.0,10,40,,,,,,15.0,,,,,,,,15.0,0.0,15.0,30.0,5.0,30.0,30,5.0,5,5,5,5,5,5,5,5,5,210.0,93.33,229.94,91.98,A
9.25,5.0,3.75,0.0,0,40,,,,,15.0,,,,,,,5.0,10.0,15.0,15.0,30.0,30.0,5.0,30.0,30,5.0,5,5,5,5,5,4,5,5,5,214.0,95.11,232.0,92.8,A
9.69,5.0,5.0,5.0,10,40,,,,,,5.0,10.0,,5.0,,,,,15.0,0.0,15.0,30.0,5.0,30.0,30,0.0,5,5,5,5,5,4,5,5,5,204.0,90.67,228.69,91.48,A
9.88,5.0,5.0,5.0,10,40,,5.0,,,,10.0,,,,,,,5.0,15.0,0.0,15.0,30.0,0.0,30.0,30,5.0,5,5,5,5,5,5,5,5,5,205.0,91.11,229.88,91.95,A
10.0,5.0,5.0,5.0,10,40,,,30.0,,,,,,,,,,,15.0,15.0,30.0,30.0,5.0,30.0,30,5.0,5,5,5,5,5,5,5,5,5,225.0,100.0,250.0,100.0,A
10.0,5.0,5.0,5.0,10,30,,,,,,,,,,,5.0,,,0.0,0.0,0.0,30.0,5.0,29.0,30,4.0,5,5,5,5,5,5,4,5,4,181.0,80.44,206.0,82.4,B
9.25,0.0,5.0,0.0,0,0,,,,,,,15.0,,,,,30.0,,15.0,15.0,30.0,30.0,5.0,30.0,30,5.0,5,5,5,5,5,4,5,5,5,174.0,77.33,188.25,75.3,C
10.0,5.0,5.0,5.0,10,40,,,,5.0,,5.0,5.0,5.0,5.0,5.0,,,,15.0,15.0,30.0,30.0,5.0,30.0,30,5.0,5,5,5,5,5,5,5,5,5,225.0,100.0,250.0,100.0,A
9.5,5.0,5.0,0.0,10,0,,,,,10.0,,10.0,,,,,,10.0,15.0,15.0,30.0,30.0,5.0,30.0,30,5.0,5,5,5,5,5,5,5,4,5,184.0,81.78,203.5,81.4,B
10.0,5.0,5.0,5.0,10,40,,10.0,,,,,,,,,,,20.0,0.0,15.0,15.0,30.0,5.0,30.0,30,5.0,5,5,5,5,5,5,5,5,5,210.0,93.33,235.0,94.0,A
9.0,5.0,5.0,5.0,0,0,,,,,,,,,,,,,,0.0,0.0,0.0,30.0,5.0,0.0,30,4.67,5,5,5,5,5,3,5,5,5,112.67,50.07,136.67,54.67,F
9.94,5.0,3.75,5.0,10,40,,,,5.0,,15.0,10.0,,,,,,,15.0,15.0,30.0,30.0,5.0,30.0,30,5.0,5,5,5,5,5,5,5,5,5,225.0,100.0,248.69,99.48,A
10.0,5.0,5.0,5.0,0,0,,,10.0,,,10.0,,,,,,,0.0,15.0,0.0,15.0,30.0,5.0,30.0,30,5.0,5,5,5,5,5,5,5,5,5,160.0,71.11,185.0,74.0,C
10.0,5.0,5.0,5.0,10,40,10.0,20.0,10.0,,,,,,,,,,,15.0,15.0,30.0,30.0,5.0,30.0,30,5.0,5,5,5,5,5,5,5,5,5,225.0,100.0,250.0,100.0,A
9.69,5.0,5.0,5.0,10,40,,,,,20.0,,,,,10.0,,,,15.0,15.0,30.0,30.0,5.0,30.0,30,5.0,5,5,5,5,4,5,5,5,5,224.0,99.56,248.69,99.48,A
9.69,5.0,5.0,5.0,10,40,15.0,,,,,,,,,,,,,15.0,0.0,15.0,30.0,5.0,30.0,30,5.0,5,5,5,5,5,5,0,5,5,205.0,91.11,229.69,91.88,A
10.0,5.0,5.0,5.0,10,40,,30.0,,,,,,,,,,,,15.0,15.0,30.0,30.0,5.0,30.0,30,4.0,5,5,5,5,4,5,5,4,5,222.0,98.67,247.0,98.8,A
10.0,5.0,5.0,5.0,10,40,,,,5.0,,10.0,,,,10.0,,,,15.0,0.0,15.0,30.0,5.0,30.0,30,4.0,5,5,5,5,5,5,5,5,5,209.0,92.89,234.0,93.6,A
10.0,5.0,5.0,5.0,0,40,,,,,10.0,10.0,10.0,,,,,,,15.0,15.0,30.0,30.0,5.0,30.0,30,4.0,5,5,5,5,5,5,5,5,5,214.0,95.11,239.0,95.6,A
10.0,5.0,5.0,5.0,10,40,,,,10.0,10.0,10.0,,,,,,,,15.0,15.0,30.0,30.0,5.0,30.0,30,5.0,5,5,5,5,5,4,5,5,5,224.0,99.56,249.0,99.6,A
9.56,5.0,5.0,5.0,10,40,,,20.0,,,,,,,,,10.0,,15.0,15.0,30.0,30.0,5.0,29.0,30,5.0,5,5,5,5,5,4,5,5,5,223.0,99.11,247.56,99.03,A
10.0,5.0,5.0,5.0,10,40,,15.0,,5.0,5.0,,,,,5.0,,,,15.0,15.0,30.0,30.0,5.0,30.0,30,5.0,5,5,5,5,5,5,5,5,4,224.0,99.56,249.0,99.6,A
9.38,5.0,5.0,5.0,0,28,,,,,,,,,,,,,20.0,0.0,15.0,15.0,30.0,5.0,18.0,30,5.0,5,5,5,4,5,4,0,3,5,167.0,74.22,191.38,76.55,C
10.0,5.0,5.0,5.0,10,40,,5.0,5.0,10.0,5.0,5.0,,,,,,,,15.0,15.0,30.0,30.0,5.0,30.0,30,5.0,4,5,5,5,5,5,5,5,5,224.0,99.56,249.0,99.6,A
10.0,5.0,5.0,5.0,10,40,,30.0,,,,,,,,,,,,15.0,15.0,30.0,30.0,5.0,30.0,30,5.0,5,5,5,5,5,5,4,5,5,224.0,99.56,249.0,99.6,A
8.94,3.75,5.0,5.0,10,40,,10.0,,,,,10.0,,,,,,10.0,15.0,15.0,30.0,30.0,5.0,30.0,30,5.0,3,5,5,5,5,4,5,5,5,222.0,98.67,244.69,97.88,A
9.38,5.0,5.0,5.0,10,40,,20.0,,,,,,,,,10.0,,,15.0,15.0,30.0,30.0,5.0,30.0,30,5.0,5,5,5,5,0,5,4,5,5,219.0,97.33,243.38,97.35,A
10.0,5.0,5.0,5.0,10,40,10.0,,5.0,10.0,,5.0,,,,,,,,15.0,15.0,30.0,30.0,5.0,30.0,30,5.0,5,5,5,5,4,5,5,5,5,224.0,99.56,249.0,99.6,A
10.0,5.0,5.0,5.0,10,40,,,5.0,,15.0,10.0,,,,,,,,15.0,15.0,30.0,30.0,5.0,30.0,30,5.0,5,5,5,5,5,5,5,5,5,225.0,100.0,250.0,100.0,A
10.0,5.0,0.0,0.0,10,40,,,,,,,,,,,,,20.0,0.0,15.0,15.0,30.0,5.0,0.0,30,5.0,0,5,5,0,5,5,5,5,5,170.0,75.56,185.0,74.0,C
9.13,5.0,5.0,5.0,0,40,,,,,20.0,,10.0,,,,,,,15.0,15.0,30.0,30.0,5.0,18.0,30,5.0,5,5,5,5,5,5,5,5,5,203.0,90.22,227.13,90.85,A
10.0,0.0,0.0,0.0,0,40,,,10.0,,,10.0,,,,,,,10.0,15.0,15.0,30.0,0.0,0.0,22.5,30,5.0,5,5,5,5,5,5,5,5,5,172.5,76.67,182.5,73.0,C
10.0,5.0,5.0,5.0,10,40,,,10.0,,10.0,,,,10.0,,,,,15.0,15.0,30.0,30.0,5.0,30.0,30,5.0,5,5,5,5,5,4,5,5,5,224.0,99.56,249.0,99.6,A
10.0,5.0,5.0,5.0,0,0,,,,,,,20.0,,,,,,10.0,15.0,15.0,30.0,30.0,5.0,30.0,30,4.0,5,5,5,5,5,4,3,3,5,169.0,75.11,194.0,77.6,C
10.0,5.0,5.0,5.0,0,0,,10.0,,5.0,,,,5.0,5.0,5.0,,,,15.0,15.0,30.0,22.5,5.0,22.5,30,5.0,5,5,5,5,5,5,5,5,5,160.0,71.11,185.0,74.0,C
10.0,5.0,5.0,0.0,10,40,,,,,,,15.0,,,,,,20.0,15.0,15.0,30.0,30.0,5.0,30.0,30,5.0,5,5,5,5,5,5,5,4,5,224.0,99.56,244.0,97.6,A
10.0,5.0,5.0,5.0,10,40,,,,10.0,,0.0,5.0,,5.0,,10.0,,,15.0,15.0,30.0,30.0,5.0,30.0,30,5.0,5,5,5,5,5,5,5,5,5,225.0,100.0,250.0,100.0,A
10.0,5.0,5.0,5.0,0,0,,,,,20.0,10.0,,,,,,,,15.0,15.0,30.0,30.0,5.0,30.0,30,5.0,5,5,5,5,5,5,5,4,5,174.0,77.33,199.0,79.6,C+
9.75,5.0,5.0,5.0,10,30,,10.0,,10.0,,,,,10.0,,,,,15.0,15.0,30.0,30.0,5.0,30.0,30,5.0,5,5,5,5,5,4,4,5,5,213.0,94.67,237.75,95.1,A
10.0,5.0,5.0,5.0,10,40,,,,,,10.0,20.0,,,,,,,15.0,15.0,30.0,24.0,5.0,30.0,30,5.0,5,5,5,5,5,5,4,5,5,218.0,96.89,243.0,97.2,A
10.0,5.0,5.0,5.0,10,40,,,,,10.0,20.0,,,,,,,,15.0,15.0,30.0,30.0,5.0,30.0,30,5.0,5,5,5,5,5,4,5,5,5,224.0,99.56,249.0,99.6,A
9.38,5.0,5.0,5.0,10,40,,,,,20.0,,,,,,,,10.0,15.0,15.0,30.0,30.0,5.0,30.0,30,4.0,4,5,5,5,5,5,5,4,5,222.0,98.67,246.38,98.55,A
9.89,5.0,5.0,5.0,10,40,,,,,,,15.0,,,,,,,15.0,0.0,15.0,30.0,5.0,30.0,30,5.0,5,5,5,5,5,4,5,5,5,209.0,92.89,233.89,93.56,A
9.25,5.0,3.75,5.0,10,40,,,,10.0,10.0,,10.0,,,,,,,15.0,15.0,30.0,30.0,3.75,18.0,30,5.0,5,5,5,5,5,5,5,4,5,210.75,93.67,233.75,93.5,A
9.5,5.0,5.0,0.0,0,0,,,,,,20.0,,,,,,,,15.0,0.0,15.0,0.0,5.0,29.0,30,5.0,5,5,5,5,5,5,5,5,5,129.0,57.33,148.5,59.4,F
10.0,5.0,5.0,5.0,10,40,,,20.0,,,,,,,,,,10.0,15.0,15.0,30.0,30.0,5.0,29.0,30,5.0,5,5,5,5,0,4,5,5,5,218.0,96.89,243.0,97.2,A
10.0,5.0,5.0,5.0,10,40,,,,,,10.0,5.0,,,,10.0,5.0,,15.0,15.0,30.0,30.0,5.0,30.0,30,5.0,5,5,5,5,5,5,5,5,5,225.0,100.0,250.0,100.0,A
10.0,5.0,5.0,5.0,10,0,,,,,10.0,5.0,,,,,,5.0,10.0,15.0,15.0,30.0,30.0,2.5,30.0,30,5.0,5,5,5,4,5,5,4,4,5,179.5,79.78,204.5,81.8,B
8.63,2.5,5.0,5.0,0,0,,,,,,,,,,,,,20.0,0.0,15.0,15.0,30.0,5.0,30.0,30,5.0,5,5,5,5,5,5,5,5,5,160.0,71.11,181.13,72.45,C
9.75,5.0,5.0,0.0,10,40,,,,10.0,,10.0,,,,10.0,,,,15.0,15.0,30.0,30.0,5.0,0.0,30,5.0,5,5,5,5,5,5,5,5,5,195.0,86.67,214.75,85.9,B
9.13,5.0,5.0,5.0,10,30,,,,,,,,,,,,,10.0,0.0,0.0,0.0,22.5,0.0,0.0,30,5.0,5,5,5,5,5,3,5,4,5,139.5,62.0,163.63,65.45,D
4.5,0.0,0.0,0.0,10,0,,,,,,,15.0,,,,,,,15.0,0.0,15.0,30.0,5.0,0.0,0,0.0,0,5,5,5,5,5,5,0,0,90.0,40.0,94.5,37.8,F
9.75,5.0,5.0,0.0,10,40,,,,,10.0,10.0,,,,10.0,,,,15.0,15.0,30.0,30.0,5.0,30.0,30,5.0,5,5,5,5,5,5,5,5,5,225.0,100.0,244.75,97.9,A
9.69,5.0,5.0,0.0,10,40,,,,,,,,,,,,,,0.0,0.0,0.0,30.0,0.0,0.0,30,5.0,5,5,5,0,5,5,0,5,5,150.0,66.67,169.69,67.88,D
10.0,5.0,5.0,5.0,10,40,,10.0,5.0,,,,,,20.0,,,,,15.0,15.0,30.0,30.0,5.0,30.0,30,5.0,5,5,5,5,5,5,5,5,5,225.0,100.0,250.0,100.0,A
10.0,5.0,5.0,5.0,10,40,,,,5.0,10.0,,,,10.0,,,5.0,,15.0,15.0,30.0,30.0,5.0,30.0,30,5.0,5,5,5,5,5,4,5,5,5,224.0,99.56,249.0,99.6,A
9.94,5.0,5.0,5.0,10,40,,10.0,10.0,,,10.0,,,,,,,,15.0,15.0,30.0,30.0,5.0,30.0,30,5.0,5,5,5,5,5,5,5,5,5,225.0,100.0,249.94,99.98,A
10.0,5.0,5.0,5.0,10,40,,,,10.0,10.0,,,,,10.0,,,,15.0,15.0,30.0,0.0,5.0,30.0,30,5.0,5,5,5,5,5,4,5,5,5,194.0,86.22,219.0,87.6,B
10.0,5.0,5.0,5.0,10,40,,5.0,10.0,,,,,,10.0,,,10.0,,15.0,15.0,30.0,30.0,5.0,30.0,30,5.0,5,5,5,5,5,5,5,5,5,225.0,100.0,250.0,100.0,A
9.94,5.0,5.0,0.0,10,0,,,,,,,,,,,,,20.0,0.0,15.0,15.0,24.0,5.0,30.0,30,5.0,5,5,5,5,5,5,5,5,5,164.0,72.89,183.94,73.58,C
8.83,5.0,5.0,5.0,10,40,,,,,10.0,10.0,,,,,,,10.0,15.0,15.0,30.0,30.0,5.0,30.0,30,4.33,5,5,5,5,5,5,5,5,5,224.33,99.7,248.16,99.26,A
10.0,5.0,5.0,5.0,10,0,,,20.0,,,,,,,,,,10.0,15.0,15.0,30.0,30.0,5.0,30.0,30,5.0,5,5,5,5,5,5,5,4,5,184.0,81.78,209.0,83.6,B
9.63,5.0,0.0,5.0,0,40,,,,,,10.0,,,,,,10.0,10.0,0.0,15.0,15.0,30.0,0.0,30.0,30,5.0,5,0,0,5,5,0,5,4,5,179.0,79.56,198.63,79.45,C+
9.13,5.0,5.0,5.0,10,40,,,,,,10.0,,,,,,,10.0,0.0,0.0,0.0,0.0,5.0,30.0,30,5.0,4,5,5,5,4,5,4,5,5,162.0,72.0,186.13,74.45,C
9.5,5.0,5.0,0.0,10,40,,,,,,,15.0,,,,,,15.0,15.0,15.0,30.0,30.0,5.0,30.0,0,5.0,5,5,5,5,5,0,0,4,5,184.0,81.78,203.5,81.4,B
10.0,5.0,5.0,5.0,10,40,10.0,,10.0,,,,5.0,5.0,,,,,,15.0,15.0,30.0,30.0,5.0,30.0,30,4.0,5,5,5,5,5,5,5,5,4,223.0,99.11,248.0,99.2,A
10.0,5.0,5.0,5.0,10,40,,30.0,,,,,,,,,,,,15.0,15.0,30.0,30.0,5.0,30.0,30,5.0,5,5,5,5,5,5,5,5,5,225.0,100.0,250.0,100.0,A
10.0,5.0,5.0,0.0,10,40,,,,,5.0,5.0,5.0,,,,,15.0,,15.0,15.0,30.0,30.0,0.0,30.0,30,5.0,5,5,5,5,5,5,5,4,5,219.0,97.33,239.0,95.6,A
10.0,5.0,5.0,5.0,10,40,,10.0,,5.0,,15.0,,,,,,,,15.0,15.0,30.0,30.0,5.0,30.0,30,5.0,5,5,5,5,5,5,5,5,5,225.0,100.0,250.0,100.0,A
10.0,5.0,5.0,5.0,10,40,,,,20.0,10.0,,,,,,,,,15.0,15.0,30.0,30.0,0.0,30.0,30,5.0,5,5,5,5,5,4,5,5,5,219.0,97.33,244.0,97.6,A
9.38,5.0,5.0,5.0,0,40,,,,10.0,5.0,,5.0,,,5.0,,5.0,,15.0,15.0,30.0,30.0,5.0,30.0,30,5.0,5,5,5,5,5,4,5,5,5,214.0,95.11,238.38,95.35,A
10.0,5.0,5.0,5.0,10,40,,,,,,20.0,,,,,,,,15.0,0.0,15.0,30.0,5.0,30.0,30,5.0,5,5,5,5,5,5,5,5,5,210.0,93.33,235.0,94.0,A
9.81,5.0,5.0,5.0,10,40,,,,,,,15.0,,,,,,15.0,15.0,15.0,30.0,30.0,5.0,18.0,30,5.0,5,5,5,5,5,4,5,3,5,210.0,93.33,234.81,93.93,A
10.0,5.0,0.0,0.0,10,40,,,,,,,15.0,,,,,,20.0,15.0,15.0,30.0,30.0,5.0,0.0,30,5.0,5,5,5,5,5,5,5,5,0,190.0,84.44,205.0,82.0,B
10.0,5.0,5.0,5.0,0,40,,,,,5.0,10.0,,,,,10.0,,10.0,15.0,15.0,30.0,30.0,5.0,30.0,30,5.0,5,5,5,5,5,5,5,4,5,214.0,95.11,239.0,95.6,A
9.88,5.0,5.0,5.0,10,40,,,10.0,10.0,,,,,,10.0,,,,15.0,15.0,30.0,30.0,5.0,30.0,30,5.0,5,5,5,5,5,5,5,4,5,224.0,99.56,248.88,99.55,A
10.0,5.0,5.0,5.0,10,40,,,,,,20.0,10.0,,,,,,,15.0,15.0,30.0,30.0,5.0,30.0,30,5.0,5,5,5,5,5,3,5,5,5,223.0,99.11,248.0,99.2,A
10.0,5.0,5.0,5.0,0,0,,,,,,,,,,,,,,0.0,0.0,0.0,30.0,0.0,0.0,30,5.0,5,5,5,5,4,3,5,5,5,107.0,47.56,132.0,52.8,F
10.0,5.0,5.0,5.0,10,40,,,,,,,,,,,,,30.0,0.0,15.0,15.0,30.0,5.0,30.0,30,5.0,5,5,5,5,5,5,5,5,5,210.0,93.33,235.0,94.0,A
9.75,5.0,5.0,5.0,0,40,,,5.0,,5.0,5.0,,,5.0,,5.0,5.0,,15.0,15.0,30.0,30.0,5.0,30.0,0,5.0,5,5,5,5,5,4,5,5,5,184.0,81.78,208.75,83.5,B
9.5,5.0,5.0,5.0,10,40,15.0,5.0,,,,,,,,10.0,,,,15.0,15.0,30.0,30.0,5.0,30.0,30,5.0,5,5,5,5,4,5,5,4,5,223.0,99.11,247.5,99.0,A
9.25,2.5,5.0,5.0,10,40,,,,,,5.0,10.0,,,,,,,15.0,0.0,15.0,30.0,5.0,30.0,30,5.0,5,5,5,5,5,5,4,5,5,209.0,92.89,230.75,92.3,A
10.0,5.0,5.0,5.0,10,40,,,,10.0,20.0,,,,,,,,,15.0,15.0,30.0,30.0,5.0,30.0,30,5.0,5,5,5,5,5,5,5,5,5,225.0,100.0,250.0,100.0,A
9.69,3.75,5.0,5.0,10,40,,,,,,5.0,10.0,,,,,,15.0,15.0,15.0,30.0,30.0,5.0,30.0,30,5.0,5,5,5,5,5,5,5,3,5,223.0,99.11,246.44,98.58,A
10.0,5.0,5.0,5.0,10,40,,10.0,10.0,,10.0,,,,,,,,,15.0,15.0,30.0,30.0,5.0,30.0,30,5.0,5,5,5,5,5,5,5,5,4,224.0,99.56,249.0,99.6,A
10.0,5.0,5.0,5.0,10,40,,,,5.0,5.0,5.0,10.0,5.0,,,,,,15.0,15.0,30.0,30.0,5.0,29.0,30,5.0,5,5,5,5,5,5,5,5,5,224.0,99.56,249.0,99.6,A
10.0,5.0,5.0,5.0,10,0,,,5.0,5.0,,10.0,,,10.0,,,,,15.0,15.0,30.0,30.0,5.0,30.0,30,5.0,5,5,5,5,5,4,5,5,5,184.0,81.78,209.0,83.6,B
9.94,5.0,5.0,5.0,10,40,,,,,,,,,10.0,,,,5.0,0.0,15.0,15.0,30.0,5.0,0.0,30,5.0,5,5,5,5,5,5,4,5,5,179.0,79.56,203.94,81.58,B
9.0,5.0,5.0,5.0,10,0,,,,,,,20.0,,,,,,10.0,15.0,15.0,30.0,30.0,5.0,29.0,30,5.0,5,0,5,0,5,5,5,0,5,169.0,75.11,193.0,77.2,C
10.0,5.0,5.0,5.0,0,0,,,,,15.0,,,,5.0,10.0,,,,15.0,15.0,30.0,30.0,5.0,30.0,30,5.0,5,5,5,5,5,5,5,5,5,175.0,77.78,200.0,80.0,B
10.0,5.0,5.0,5.0,10,40,,,10.0,,,,10.0,,,,,,10.0,15.0,15.0,30.0,30.0,5.0,30.0,30,5.0,5,5,5,5,5,5,5,5,5,225.0,100.0,250.0,100.0,A
10.0,5.0,5.0,5.0,10,40,,,,,10.0,5.0,,,10.0,,,,10.0,15.0,15.0,30.0,30.0,5.0,30.0,30,5.0,5,5,5,5,5,5,5,5,5,225.0,100.0,250.0,100.0,A
10.0,5.0,3.75,5.0,10,40,,,,,30.0,,,,,,,,,15.0,15.0,30.0,30.0,5.0,15.0,30,5.0,5,5,5,5,5,5,5,5,5,210.0,93.33,233.75,93.5,A
9.31,5.0,5.0,5.0,10,40,,,,,,,,,,,,,,0.0,0.0,0.0,22.5,5.0,30.0,30,5.0,5,5,4,5,5,5,5,4,5,185.5,82.44,209.81,83.93,B
9.5,5.0,5.0,5.0,10,40,10.0,,,,,,,,,,,,15.0,0.0,15.0,15.0,22.5,0.0,30.0,30,5.0,4,5,5,5,5,4,5,5,0,190.5,84.67,215.0,86.0,B
9.94,5.0,5.0,3.75,10,0,,,10.0,,,,,,,,,,,0.0,0.0,0.0,30.0,5.0,0.0,30,5.0,4,5,5,5,4,5,0,3,0,111.0,49.33,134.69,53.88,F
9.25,5.0,5.0,5.0,10,40,,,10.0,,20.0,,,,,,,,,15.0,15.0,30.0,30.0,5.0,30.0,30,5.0,5,5,5,5,5,4,5,5,5,224.0,99.56,248.25,99.3,A
10.0,5.0,5.0,0.0,10,40,,,,,10.0,,10.0,,,,,10.0,,15.0,15.0,30.0,30.0,5.0,30.0,30,5.0,5,5,5,5,5,4,5,5,5,224.0,99.56,244.0,97.6,A
10.0,5.0,5.0,5.0,10,40,,10.0,5.0,5.0,,5.0,,,5.0,,,,,15.0,15.0,30.0,30.0,5.0,30.0,30,4.0,5,5,5,5,5,5,5,5,5,224.0,99.56,249.0,99.6,A
10.0,5.0,5.0,5.0,10,40,,10.0,20.0,,,,,,,,,,,15.0,15.0,30.0,30.0,5.0,30.0,30,5.0,5,5,5,5,5,5,5,5,5,225.0,100.0,250.0,100.0,A
8.63,5.0,0.0,5.0,10,40,,,,,,,,,,,,,20.0,0.0,15.0,15.0,30.0,5.0,18.0,30,5.0,5,5,5,3,5,5,4,5,4,194.0,86.22,212.63,85.05,B
9.88,5.0,5.0,0.0,0,0,,,,,,0.0,,,,,,,,0.0,0.0,0.0,30.0,5.0,30.0,0,5.0,5,5,5,5,5,4,5,4,5,113.0,50.22,132.88,53.15,F
10.0,5.0,5.0,5.0,10,40,,10.0,5.0,10.0,10.0,,,,,,,,,15.0,15.0,30.0,30.0,5.0,30.0,30,4.0,5,5,5,5,5,5,5,5,5,224.0,99.56,249.0,99.6,A
9.5,5.0,5.0,5.0,10,40,,,10.0,,10.0,10.0,,,,,,,,15.0,15.0,30.0,30.0,5.0,30.0,30,5.0,5,5,5,5,5,5,5,5,5,225.0,100.0,249.5,99.8,A
9.13,5.0,5.0,5.0,10,28,,,,,,10.0,0.0,,,,,,,0.0,0.0,0.0,30.0,5.0,30.0,30,5.0,5,5,5,5,5,4,5,4,5,181.0,80.44,205.13,82.05,B
9.75,5.0,5.0,5.0,10,40,,20.0,,,,,,,,10.0,,,,15.0,15.0,30.0,30.0,5.0,30.0,30,5.0,5,5,5,5,5,5,5,5,5,225.0,100.0,249.75,99.9,A
10.0,5.0,5.0,5.0,10,40,,15.0,,,,,,5.0,10.0,,,,,15.0,15.0,30.0,30.0,5.0,30.0,30,5.0,5,5,5,5,5,5,5,5,5,225.0,100.0,250.0,100.0,A
10.0,5.0,5.0,5.0,10,40,,,,,,5.0,10.0,,10.0,5.0,,,,15.0,15.0,30.0,30.0,5.0,30.0,30,5.0,5,5,5,5,5,5,5,5,5,225.0,100.0,250.0,100.0,A
10.0,5.0,5.0,5.0,10,0,,,10.0,,10.0,10.0,,,,,,,,15.0,15.0,30.0,30.0,5.0,30.0,30,5.0,5,5,5,5,5,5,5,5,5,185.0,82.22,210.0,84.0,B
10.0,5.0,5.0,0.0,10,0,,,,,,,20.0,,,,,10.0,,15.0,15.0,30.0,30.0,5.0,30.0,30,4.67,4,5,5,5,5,4,5,3,0,175.67,78.07,195.67,78.27,C+
10.0,5.0,5.0,0.0,10,40,,,,,10.0,,20.0,,,,,,,15.0,15.0,30.0,30.0,5.0,30.0,30,5.0,5,5,5,5,5,5,5,5,5,225.0,100.0,245.0,98.0,A
10.0,5.0,5.0,5.0,10,40,,,,,,5.0,15.0,,,,,,10.0,15.0,15.0,30.0,30.0,5.0,30.0,30,5.0,5,5,5,5,4,4,5,4,5,222.0,98.67,247.0,98.8,A
10.0,5.0,5.0,5.0,10,40,,,10.0,20.0,,,,,,,,,,15.0,15.0,30.0,30.0,5.0,22.5,30,4.0,5,5,5,5,5,5,5,5,5,216.5,96.22,241.5,96.6,A
9.94,5.0,5.0,5.0,10,40,,,,,,,15.0,,,,,,15.0,15.0,15.0,30.0,30.0,0.0,30.0,30,5.0,5,5,5,4,5,5,5,5,5,219.0,97.33,243.94,97.58,A
10.0,5.0,5.0,0.0,10,36,,,,,,,30.0,,,,,,,15.0,15.0,30.0,30.0,0.0,30.0,30,5.0,5,5,5,5,5,4,5,5,5,215.0,95.56,235.0,94.0,A
10.0,5.0,5.0,5.0,10,40,,,10.0,,,10.0,,,,,15.0,,,15.0,15.0,30.0,30.0,5.0,22.5,30,5.0,5,5,5,5,5,5,5,5,5,217.5,96.67,242.5,97.0,A
10.0,5.0,3.75,0.0,10,40,,,,,,,,,,,,,,0.0,0.0,0.0,22.5,5.0,21.5,30,0.0,0,5,5,4,5,5,4,4,5,166.0,73.78,184.75,73.9,C
10.0,5.0,5.0,5.0,10,40,,10.0,,,5.0,10.0,,,,,,5.0,,15.0,15.0,30.0,30.0,5.0,30.0,30,5.0,5,5,5,5,5,5,5,5,5,225.0,100.0,250.0,100.0,A
10.0,5.0,5.0,5.0,10,40,,,,10.0,10.0,,,,10.0,,,,,15.0,15.0,30.0,30.0,5.0,30.0,30,5.0,5,4,5,5,5,5,5,5,5,224.0,99.56,249.0,99.6,A
10.0,5.0,0.0,0.0,10,40,,,,,,,15.0,,,,,5.0,10.0,15.0,15.0,30.0,30.0,5.0,30.0,30,5.0,5,5,5,5,4,5,5,4,5,223.0,99.11,238.0,95.2,A
9.69,5.0,5.0,0.0,0,40,,,,,,,,,,,,,20.0,0.0,15.0,15.0,0.0,5.0,15.0,30,5.0,5,5,5,5,5,5,5,5,5,155.0,68.89,174.69,69.88,D+
9.5,5.0,5.0,5.0,10,40,,,,,,10.0,,,,,,,10.0,0.0,0.0,0.0,30.0,0.0,0.0,30,5.0,5,5,5,5,5,5,5,4,4,158.0,70.22,182.5,73.0,C
9.7,5.0,5.0,5.0,10,40,,,5.0,,15.0,,,,5.0,5.0,,,,15.0,15.0,30.0,30.0,5.0,30.0,30,4.67,5,5,5,5,5,4,5,5,4,222.67,98.96,247.37,98.95,A
10.0,5.0,5.0,5.0,10,40,,,,,,10.0,10.0,,,,10.0,,,15.0,15.0,30.0,30.0,5.0,0.0,30,5.0,5,5,5,5,5,5,5,5,5,195.0,86.67,220.0,88.0,B+
10.0,5.0,5.0,5.0,10,40,,,20.0,,,,,,,,,,10.0,15.0,15.0,30.0,30.0,5.0,30.0,30,5.0,5,5,5,5,5,5,5,5,5,225.0,100.0,250.0,100.0,A
9.89,5.0,5.0,5.0,10,0,,,,,5.0,10.0,,,,,,5.0,15.0,15.0,15.0,30.0,30.0,0.0,30.0,30,5.0,5,5,5,5,5,5,5,5,5,180.0,80.0,204.89,81.96,B
9.63,5.0,5.0,5.0,10,40,,,10.0,,10.0,10.0,,,,,,,,15.0,15.0,30.0,30.0,5.0,30.0,30,4.0,5,5,5,5,5,5,4,5,5,223.0,99.11,247.63,99.05,A
9.89,5.0,5.0,5.0,10,40,,10.0,,,,,5.0,,,,,,,15.0,0.0,15.0,30.0,5.0,30.0,30,5.0,5,5,5,5,5,5,0,5,5,205.0,91.11,229.89,91.96,A
9.63,5.0,5.0,0.0,10,40,,,,,,15.0,,,,,0.0,,20.0,15.0,15.0,30.0,30.0,5.0,0.0,30,5.0,5,5,5,5,5,0,5,5,5,190.0,84.44,209.63,83.85,B
9.63,5.0,0.0,5.0,10,40,,,,,,,,,,,,,,0.0,0.0,0.0,30.0,0.0,18.0,30,4.0,4,5,5,5,5,5,5,5,5,176.0,78.22,195.63,78.25,C+
10.0,5.0,5.0,0.0,10,40,,,20.0,10.0,,,,,,,,,,15.0,15.0,30.0,30.0,5.0,30.0,30,5.0,5,5,5,5,5,5,5,4,5,224.0,99.56,244.0,97.6,A
10.0,5.0,5.0,5.0,10,40,,,10.0,,10.0,10.0,,,,,,,,15.0,15.0,30.0,30.0,5.0,30.0,30,5.0,5,5,5,5,5,5,5,5,5,225.0,100.0,250.0,100.0,A
10.0,5.0,5.0,5.0,10,40,,20.0,5.0,,,,,,5.0,,,,,15.0,15.0,30.0,30.0,5.0,30.0,30,5.0,5,5,5,5,5,4,5,5,5,224.0,99.56,249.0,99.6,A
8.19,5.0,5.0,3.75,0,0,,,,,,,,,,,,,,0.0,0.0,0.0,22.5,5.0,0.0,0,5.0,5,5,5,5,5,5,5,5,5,77.5,34.44,99.44,39.78,F
9.25,5.0,3.75,3.75,10,0,,,,,,,,,,,,10.0,10.0,0.0,15.0,15.0,30.0,5.0,30.0,30,5.0,5,5,5,5,5,5,5,5,5,170.0,75.56,191.75,76.7,C
9.75,5.0,5.0,5.0,0,40,,,,,5.0,10.0,,,,,,,20.0,15.0,15.0,30.0,30.0,5.0,30.0,30,5.0,5,5,5,5,4,5,5,4,5,213.0,94.67,237.75,95.1,A
9.69,5.0,5.0,5.0,10,40,,,,,,,10.0,,,,,,10.0,0.0,0.0,0.0,15.0,5.0,30.0,30,5.0,5,0,5,5,5,0,5,5,5,170.0,75.56,194.69,77.88,C
10.0,5.0,5.0,5.0,10,40,,,10.0,,10.0,10.0,,,,,,,,15.0,15.0,30.0,30.0,5.0,30.0,30,5.0,5,5,5,5,5,5,5,5,5,225.0,100.0,250.0,100.0,A
10.0,5.0,5.0,0.0,0,0,,,20.0,,,,,,10.0,,,,,15.0,15.0,30.0,27.0,5.0,30.0,30,5.0,5,5,4,5,5,5,5,5,5,171.0,76.0,191.0,76.4,C
10.0,5.0,5.0,5.0,10,40,,,,,,10.0,10.0,,,,10.0,,,15.0,15.0,30.0,30.0,5.0,30.0,30,5.0,5,5,5,5,5,5,5,5,5,225.0,100.0,250.0,100.0,A
9.83,5.0,5.0,5.0,10,40,,,10.0,,20.0,,,,,,,,,15.0,15.0,30.0,30.0,5.0,29.0,30,5.0,5,5,5,5,5,5,4,5,5,223.0,99.11,247.83,99.13,A
9.63,5.0,5.0,5.0,10,40,,5.0,,,5.0,5.0,10.0,,,5.0,,,,15.0,15.0,30.0,30.0,5.0,30.0,30,5.0,5,5,3,5,5,5,5,5,5,223.0,99.11,247.63,99.05,A
10.0,5.0,5.0,3.75,10,40,,10.0,,,,10.0,,,,,10.0,,,15.0,15.0,30.0,30.0,2.5,30.0,30,5.0,5,5,5,5,5,5,0,5,5,217.5,96.67,241.25,96.5,A
10.0,5.0,0.0,0.0,0,0,,,,,,,,,,,,,,0.0,0.0,0.0,30.0,0.0,0.0,30,0.0,5,5,5,5,5,5,4,4,5,103.0,45.78,118.0,47.2,F
10.0,2.5,5.0,5.0,10,40,,,,,,10.0,5.0,,,,,,20.0,15.0,15.0,30.0,30.0,5.0,15.0,30,5.0,5,0,5,5,5,5,0,5,5,200.0,88.89,222.5,89.0,B+
9.69,5.0,5.0,0.0,10,40,,,10.0,10.0,,,,,,10.0,,,,15.0,15.0,30.0,30.0,5.0,30.0,30,4.0,5,5,5,5,5,4,5,5,4,222.0,98.67,241.69,96.68,A
1.0,2.5,5.0,5.0,0,40,,,,,,,15.0,,,,,15.0,,15.0,15.0,30.0,10.0,5.0,30.0,30,4.67,5,5,5,5,5,5,5,5,5,194.67,86.52,208.17,83.27,B
10.0,5.0,5.0,5.0,10,40,,,,,,,15.0,,,,,,15.0,15.0,15.0,30.0,30.0,5.0,30.0,30,5.0,5,5,5,5,5,5,5,5,5,225.0,100.0,250.0,100.0,A
9.25,5.0,0.0,0.0,10,0,,,,,5.0,5.0,5.0,5.0,10.0,,,,,15.0,15.0,30.0,30.0,5.0,30.0,30,5.0,4,5,4,5,4,4,5,5,5,181.0,80.44,195.25,78.1,C+
10.0,5.0,5.0,5.0,10,40,,,,10.0,,5.0,5.0,5.0,5.0,5.0,,,,15.0,15.0,30.0,30.0,5.0,30.0,30,5.0,5,5,5,5,5,5,5,5,5,225.0,100.0,250.0,100.0,A
10.0,5.0,5.0,5.0,10,40,,,,10.0,10.0,,,,,10.0,,,,15.0,15.0,30.0,30.0,5.0,22.0,30,5.0,5,5,5,5,5,5,5,5,5,217.0,96.44,242.0,96.8,A
10.0,5.0,5.0,5.0,10,40,10.0,,,,5.0,5.0,5.0,,5.0,,,,,15.0,15.0,30.0,30.0,5.0,30.0,30,5.0,5,5,5,5,5,4,5,5,5,224.0,99.56,249.0,99.6,A
10.0,5.0,5.0,0.0,0,0,,,,,10.0,,10.0,,,,10.0,,,15.0,15.0,30.0,30.0,0.0,0.0,30,5.0,5,5,5,0,5,5,4,0,0,124.0,55.11,144.0,57.6,F
9.5,5.0,5.0,5.0,0,40,,,,,5.0,15.0,5.0,5.0,,,,,,15.0,15.0,30.0,30.0,5.0,30.0,30,5.0,5,5,5,5,5,5,5,5,5,215.0,95.56,239.5,95.8,A
9.69,5.0,5.0,0.0,10,40,,,,,,,,,,,,,,0.0,0.0,0.0,30.0,5.0,0.0,30,4.0,5,5,5,0,5,3,5,5,4,156.0,69.33,175.69,70.28,C
10.0,5.0,5.0,0.0,10,40,,,,,,,15.0,,,,,,15.0,15.0,15.0,30.0,30.0,5.0,0.0,30,4.0,5,5,5,5,5,5,5,4,5,193.0,85.78,213.0,85.2,B
9.5,0.0,0.0,0.0,0,0,,,,,,5.0,10.0,,,,,,,15.0,0.0,15.0,30.0,0.0,0.0,30,4.0,5,5,5,0,0,5,5,5,0,109.0,48.44,118.5,47.4,F
10.0,5.0,5.0,5.0,0,40,,,,5.0,5.0,5.0,0.0,10.0,5.0,,,,,15.0,15.0,30.0,30.0,5.0,30.0,30,5.0,5,5,5,5,5,5,5,5,5,215.0,95.56,240.0,96.0,A
9.38,5.0,5.0,5.0,0,40,,,20.0,,,,,,,,,10.0,,15.0,15.0,30.0,7.5,0.0,30.0,30,5.0,5,5,5,5,5,5,5,4,5,186.5,82.89,210.88,84.35,B
10.0,5.0,5.0,5.0,0,40,,,,,,,,,,5.0,,,10.0,0.0,15.0,15.0,30.0,5.0,30.0,30,5.0,5,5,5,5,5,5,5,5,5,200.0,88.89,225.0,90.0,A
9.88,5.0,5.0,5.0,10,40,,,,,,20.0,,,10.0,,,,,15.0,15.0,30.0,30.0,5.0,30.0,30,5.0,5,5,5,5,5,5,4,5,5,224.0,99.56,248.88,99.55,A
10.0,5.0,5.0,0.0,10,40,,,,,,10.0,5.0,,,,,,20.0,15.0,15.0,30.0,30.0,5.0,0.0,30,5.0,5,5,5,5,5,5,5,5,5,195.0,86.67,215.0,86.0,B
9.5,5.0,5.0,5.0,10,40,,,,,15.0,,,,,15.0,,,,15.0,15.0,30.0,30.0,5.0,30.0,30,5.0,5,5,5,5,5,5,5,5,5,225.0,100.0,249.5,99.8,A
9.5,5.0,5.0,5.0,10,0,,,,,10.0,5.0,,,,,,,15.0,15.0,15.0,30.0,30.0,5.0,30.0,30,5.0,5,5,5,5,5,4,5,4,5,183.0,81.33,207.5,83.0,B
10.0,5.0,5.0,5.0,0,40,,,,,,,,,,,10.0,,10.0,0.0,15.0,15.0,30.0,0.0,30.0,30,4.67,5,5,4,0,5,4,4,5,5,186.67,82.96,211.67,84.67,B
10.0,5.0,5.0,5.0,10,40,,10.0,,,,10.0,10.0,,,,,,,15.0,15.0,30.0,22.5,5.0,30.0,30,5.0,4,5,5,5,5,5,5,5,5,216.5,96.22,241.5,96.6,A
10.0,5.0,5.0,5.0,0,40,,5.0,,,,,10.0,,15.0,,,,,15.0,15.0,30.0,30.0,5.0,30.0,30,5.0,5,5,5,5,5,5,5,5,5,215.0,95.56,240.0,96.0,A
10.0,5.0,5.0,5.0,10,40,10.0,,,10.0,,10.0,,,,,,,,15.0,15.0,30.0,30.0,5.0,30.0,30,5.0,5,5,5,5,5,5,5,5,5,225.0,100.0,250.0,100.0,A
10.0,5.0,5.0,0.0,10,0,,5.0,10.0,,,,,,,5.0,,,10.0,15.0,15.0,30.0,30.0,5.0,30.0,30,5.0,5,5,5,5,5,4,5,5,5,184.0,81.78,204.0,81.6,B
9.06,0.0,0.0,0.0,10,40,,,,0.0,,0.0,,,,5.0,,,0.0,15.0,0.0,15.0,7.5,0.0,29.0,30,0.0,5,5,5,5,5,5,5,5,5,176.5,78.44,185.56,74.23,C
9.75,0.0,5.0,5.0,10,40,,,,,,,15.0,,,,,,,15.0,0.0,15.0,0.0,5.0,0.0,30,5.0,0,0,4,5,5,5,5,5,5,139.0,61.78,158.75,63.5,D
10.0,5.0,5.0,5.0,10,40,,,20.0,,10.0,,,,,,,,,15.0,15.0,30.0,30.0,5.0,30.0,30,5.0,5,5,5,5,5,4,5,5,5,224.0,99.56,249.0,99.6,A
9.88,5.0,3.75,2.5,0,0,,,,,,,30.0,,,,,,,15.0,15.0,30.0,30.0,5.0,30.0,30,5.0,5,5,5,5,5,5,5,5,5,175.0,77.78,196.13,78.45,C+
9.63,5.0,5.0,5.0,10,0,,,,,10.0,,5.0,,,,,,20.0,15.0,15.0,30.0,30.0,5.0,10.5,30,5.0,5,5,5,5,5,5,5,5,5,165.5,73.56,190.13,76.05,C
9.88,5.0,5.0,5.0,10,40,,,,,5.0,,5.0,,,5.0,,,15.0,0.0,15.0,15.0,30.0,5.0,30.0,30,5.0,5,5,5,5,5,4,5,4,5,208.0,92.44,232.88,93.15,A
10.0,5.0,5.0,5.0,10,40,,,,,,,,,10.0,,,,,0.0,0.0,0.0,30.0,0.0,30.0,30,4.67,5,5,5,5,5,5,5,3,5,187.67,83.41,212.67,85.07,B
9.94,5.0,5.0,5.0,10,40,,,,,25.0,,,,,5.0,,,,15.0,15.0,30.0,30.0,5.0,30.0,30,5.0,5,5,5,5,5,5,5,5,5,225.0,100.0,249.94,99.98,A
10.0,5.0,5.0,5.0,10,40,,,,10.0,,,5.0,,,,,5.0,,15.0,0.0,15.0,30.0,5.0,30.0,30,5.0,5,5,5,5,5,5,5,5,5,210.0,93.33,235.0,94.0,A
9.25,5.0,0.0,5.0,10,40,,,,,,,15.0,,,,,,20.0,15.0,15.0,30.0,15.0,5.0,0.0,30,5.0,5,5,0,5,5,4,5,5,5,174.0,77.33,193.25,77.3,C
10.0,5.0,5.0,5.0,10,40,10.0,5.0,,10.0,,5.0,,,,,,,,15.0,15.0,30.0,30.0,5.0,30.0,30,5.0,5,5,5,5,5,5,5,5,5,225.0,100.0,250.0,100.0,A
10.0,5.0,5.0,5.0,10,40,,,,,10.0,5.0,,,5.0,,,,,15.0,15.0,30.0,30.0,5.0,30.0,30,5.0,5,5,5,5,4,5,5,5,5,224.0,99.56,249.0,99.6,A
9.63,5.0,5.0,5.0,0,40,,,,,,10.0,,,,,,,,0.0,0.0,0.0,30.0,0.0,30.0,30,5.0,5,5,5,5,5,4,5,5,5,179.0,79.56,203.63,81.45,B
9.88,5.0,5.0,5.0,0,40,,,10.0,5.0,,,,,,,10.0,10.0,,15.0,15.0,30.0,30.0,5.0,30.0,30,5.0,5,5,5,5,5,5,0,5,5,210.0,93.33,234.88,93.95,A
10.0,5.0,5.0,5.0,10,40,,10.0,,,5.0,5.0,,,,,,,,15.0,0.0,15.0,30.0,5.0,30.0,30,5.0,5,5,5,5,5,4,5,5,5,209.0,92.89,234.0,93.6,A
10.0,5.0,5.0,5.0,10,40,,,,,,30.0,,,,,,,,15.0,15.0,30.0,30.0,5.0,30.0,30,5.0,5,5,5,5,4,5,5,5,5,224.0,99.56,249.0,99.6,A
9.69,5.0,5.0,0.0,10,40,,,,,,15.0,,,,,10.0,,10.0,15.0,15.0,30.0,30.0,5.0,29.0,30,5.0,5,5,5,5,5,5,5,5,5,224.0,99.56,243.69,97.48,A
10.0,5.0,5.0,5.0,10,40,,,,,,5.0,10.0,,,,10.0,5.0,,15.0,15.0,30.0,22.5,3.75,30.0,30,0.0,5,5,5,5,5,4,5,5,5,210.25,93.44,235.25,94.1,A
10.0,5.0,5.0,5.0,10,0,,10.0,10.0,,,,,,,,,,10.0,15.0,15.0,30.0,30.0,5.0,30.0,30,5.0,5,5,5,5,5,5,5,5,5,185.0,82.22,210.0,84.0,B
9.06,5.0,5.0,0.0,0,40,,,,,,,,,,,10.0,,10.0,0.0,15.0,15.0,30.0,5.0,30.0,30,4.0,5,5,5,5,5,4,5,5,5,198.0,88.0,217.06,86.83,B
9.88,5.0,5.0,5.0,10,40,,,,,,10.0,10.0,,,,10.0,,,15.0,15.0,30.0,30.0,5.0,30.0,30,5.0,5,5,5,5,5,4,5,5,5,224.0,99.56,248.88,99.55,A
9.5,5.0,5.0,5.0,0,40,,,,,,,15.0,,,,,,10.0,15.0,0.0,15.0,30.0,5.0,30.0,30,5.0,4,5,5,4,4,5,5,5,4,196.0,87.11,220.5,88.2,B+
10.0,5.0,5.0,5.0,10,40,10.0,10.0,5.0,,,,,,,,10.0,,,15.0,15.0,30.0,30.0,5.0,30.0,30,5.0,5,5,5,5,5,5,5,5,5,225.0,100.0,250.0,100.0,A
9.63,5.0,5.0,0.0,10,40,,10.0,,,,10.0,,,,10.0,,,,15.0,15.0,30.0,30.0,5.0,30.0,30,5.0,5,5,5,5,5,4,5,5,5,224.0,99.56,243.63,97.45,A
10.0,5.0,5.0,5.0,10,40,,,,,,10.0,5.0,,,,,,15.0,15.0,15.0,30.0,30.0,5.0,30.0,30,5.0,5,5,5,5,5,5,5,5,5,225.0,100.0,250.0,100.0,A
9.75,5.0,5.0,5.0,10,0,,,,,,,,,,,,,,0.0,0.0,0.0,30.0,5.0,21.5,30,4.67,5,5,5,5,5,5,5,5,5,146.17,64.96,170.92,68.37,D+
9.44,5.0,5.0,5.0,0,0,,,20.0,10.0,,,,,,,,,,15.0,15.0,30.0,30.0,5.0,30.0,30,3.67,5,5,5,5,5,5,5,5,5,173.67,77.19,198.1,79.24,C+
9.5,5.0,5.0,5.0,10,40,,,,,,,20.0,,,,,,10.0,15.0,15.0,30.0,30.0,5.0,30.0,30,5.0,5,5,5,5,5,5,5,4,5,224.0,99.56,248.5,99.4,A
10.0,5.0,5.0,5.0,10,40,,30.0,,,,,,,,,,,,15.0,15.0,30.0,30.0,5.0,30.0,30,5.0,5,5,5,5,5,5,4,5,5,224.0,99.56,249.0,99.6,A
9.94,5.0,5.0,5.0,10,40,,10.0,10.0,,,,,,,10.0,,,,15.0,15.0,30.0,30.0,5.0,30.0,30,5.0,5,5,5,5,5,5,5,3,5,223.0,99.11,247.94,99.18,A
9.94,0.0,5.0,5.0,10,40,,,,,,20.0,,,,,,10.0,,15.0,15.0,30.0,30.0,5.0,30.0,30,5.0,5,5,5,5,5,5,5,5,5,225.0,100.0,244.94,97.98,A
10.0,5.0,5.0,5.0,0,40,,,,,,10.0,10.0,,10.0,,,,,15.0,15.0,30.0,30.0,5.0,30.0,30,4.0,5,5,5,5,5,5,5,3,5,212.0,94.22,237.0,94.8,A
9.25,5.0,5.0,5.0,10,40,,,,10.0,10.0,,,,,,,,10.0,15.0,15.0,30.0,30.0,5.0,30.0,30,5.0,5,5,5,5,5,4,5,4,5,223.0,99.11,247.25,98.9,A
10.0,5.0,2.5,5.0,10,40,,,,10.0,,,5.0,,,,,,,15.0,0.0,15.0,30.0,5.0,15.0,30,5.0,5,5,5,5,5,3,5,5,5,193.0,85.78,215.5,86.2,B
10.0,5.0,5.0,0.0,10,40,,10.0,,5.0,,,,,10.0,5.0,,,,15.0,15.0,30.0,30.0,5.0,30.0,30,5.0,5,5,5,5,5,5,5,5,5,225.0,100.0,245.0,98.0,A
9.69,3.75,3.75,5.0,0,0,,,,,,,,,,,,,15.0,0.0,15.0,15.0,22.5,0.0,30.0,30,5.0,5,5,5,5,5,5,5,4,5,146.5,65.11,168.69,67.48,D
9.56,0.0,5.0,0.0,0,40,,,,,,5.0,10.0,,,,,15.0,,15.0,15.0,30.0,30.0,0.0,30.0,30,5.0,5,5,5,5,5,5,5,4,5,209.0,92.89,223.56,89.43,B+
10.0,5.0,5.0,0.0,10,40,,,,,,15.0,,,,,,,20.0,15.0,15.0,30.0,30.0,5.0,30.0,30,5.0,5,5,5,5,5,5,0,0,5,215.0,95.56,235.0,94.0,A
9.88,5.0,0.0,5.0,0,40,,,,,,,10.0,,,,,,,0.0,0.0,0.0,0.0,0.0,10.5,30,5.0,5,5,5,5,5,4,5,5,5,129.5,57.56,149.38,59.75,F
10.0,0.0,5.0,5.0,10,40,,,,,,,25.0,,,,,,5.0,15.0,15.0,30.0,30.0,5.0,29.0,30,4.0,5,5,5,5,5,5,5,5,5,223.0,99.11,243.0,97.2,A
10.0,5.0,5.0,5.0,10,40,,,,,,15.0,,,,,,10.0,5.0,15.0,15.0,30.0,30.0,5.0,30.0,30,5.0,4,5,5,5,5,5,4,5,5,223.0,99.11,248.0,99.2,A
9.5,5.0,5.0,5.0,10,40,,,,,10.0,10.0,,,,,,,10.0,15.0,15.0,30.0,30.0,5.0,30.0,30,5.0,5,5,5,5,4,4,4,4,5,221.0,98.22,245.5,98.2,A
10.0,5.0,5.0,5.0,10,40,,,,,,,20.0,,,,,,10.0,15.0,15.0,30.0,30.0,5.0,18.0,30,5.0,5,5,5,5,5,5,5,5,5,213.0,94.67,238.0,95.2,A
9.06,0.0,0.0,0.0,0,0,,,,,,,,,,,,,,0.0,0.0,0.0,0.0,0.0,0.0,0,0.0,0,5,5,0,0,0,0,0,0,10.0,4.44,19.06,7.63,F
9.19,5.0,5.0,5.0,10,40,,,,,,15.0,,,,10.0,,,10.0,15.0,15.0,30.0,30.0,5.0,30.0,30,5.0,5,5,5,5,5,4,5,5,5,224.0,99.56,248.19,99.28,A
9.75,5.0,5.0,5.0,10,40,,10.0,,,,5.0,,,,15.0,,,,15.0,15.0,30.0,30.0,5.0,30.0,30,5.0,5,5,5,5,5,5,5,4,5,224.0,99.56,248.75,99.5,A
9.63,5.0,5.0,5.0,0,40,,,,,20.0,10.0,,,,,,,,15.0,15.0,30.0,30.0,0.0,0.0,30,5.0,4,5,5,5,5,4,4,5,5,177.0,78.67,201.63,80.65,B
9.5,5.0,0.0,5.0,10,40,,,,,10.0,,5.0,,,,,,,15.0,0.0,15.0,30.0,0.0,0.0,30,5.0,5,5,5,0,5,5,5,5,5,170.0,75.56,189.5,75.8,C
10.0,5.0,5.0,5.0,10,40,,,10.0,5.0,5.0,10.0,,,,,,,,15.0,15.0,30.0,30.0,5.0,30.0,30,5.0,5,5,5,5,5,5,5,5,5,225.0,100.0,250.0,100.0,A
10.0,5.0,5.0,5.0,10,40,10.0,,20.0,,,,,,,,,,,15.0,15.0,30.0,30.0,5.0,30.0,30,5.0,5,5,5,5,5,5,5,5,5,225.0,100.0,250.0,100.0,A
10.0,5.0,3.75,5.0,10,40,,,,10.0,,5.0,5.0,,10.0,,,,,15.0,15.0,30.0,30.0,5.0,30.0,30,5.0,5,5,5,5,4,5,5,5,5,224.0,99.56,247.75,99.1,A
10.0,5.0,5.0,5.0,10,40,,10.0,,,,,10.0,,,,,,10.0,15.0,15.0,30.0,30.0,5.0,29.0,30,5.0,5,5,5,5,5,5,5,4,5,223.0,99.11,248.0,99.2,A
8.13,5.0,5.0,3.75,0,0,,,,,,5.0,10.0,,,5.0,,10.0,,15.0,15.0,30.0,30.0,5.0,29.0,30,4.67,5,5,5,5,5,5,5,5,5,173.67,77.19,195.54,78.22,C+
9.75,5.0,5.0,5.0,10,40,,,10.0,,10.0,,,,10.0,,,,,15.0,15.0,30.0,30.0,5.0,30.0,30,5.0,5,5,5,5,5,5,5,5,5,225.0,100.0,249.75,99.9,A
9.75,5.0,5.0,5.0,10,40,,,10.0,,,10.0,,,,,,,10.0,15.0,15.0,30.0,22.5,5.0,30.0,30,5.0,5,5,5,5,5,5,5,5,5,217.5,96.67,242.25,96.9,A
10.0,5.0,5.0,5.0,10,40,,,,,,,,,,,,,,0.0,0.0,0.0,30.0,5.0,29.0,30,5.0,5,5,5,5,5,5,5,4,5,193.0,85.78,218.0,87.2,B
8.89,5.0,5.0,0.0,0,40,,,,,,15.0,,,,,,,15.0,15.0,15.0,30.0,30.0,0.0,30.0,0,5.0,4,0,5,5,5,0,5,5,5,169.0,75.11,187.89,75.16,C
9.64,5.0,0.0,0.0,0,30,,,10.0,,,,10.0,,,10.0,,,,15.0,15.0,30.0,22.5,3.75,21.5,30,5.0,5,5,5,5,4,5,5,5,5,186.75,83.0,201.39,80.56,B
10.0,5.0,5.0,5.0,10,40,,,20.0,,,,,,10.0,,,,,15.0,15.0,30.0,30.0,5.0,30.0,30,5.0,5,5,5,5,5,5,5,5,5,225.0,100.0,250.0,100.0,A
10.0,5.0,5.0,0.0,10,40,,10.0,,,,,5.0,,,,,15.0,,15.0,15.0,30.0,30.0,0.0,30.0,30,5.0,5,5,5,5,5,5,5,5,5,220.0,97.78,240.0,96.0,A
9.9,3.75,0.0,0.0,10,40,,,,,,,,,,,,,,0.0,0.0,0.0,15.0,0.0,30.0,30,5.0,5,5,5,5,5,5,4,5,4,173.0,76.89,186.65,74.66,C
9.5,5.0,5.0,5.0,10,40,,,20.0,,,,,,,10.0,,,,15.0,15.0,30.0,30.0,5.0,0.0,30,5.0,5,5,5,5,0,5,5,5,5,190.0,84.44,214.5,85.8,B
10.0,5.0,5.0,5.0,10,40,,20.0,,,,,,,,,,,10.0,15.0,15.0,30.0,30.0,5.0,30.0,30,5.0,5,5,5,5,5,0,5,5,5,220.0,97.78,245.0,98.0,A
9.88,0.0,0.0,0.0,10,40,,,,10.0,,10.0,10.0,,,,,,,15.0,15.0,30.0,30.0,0.0,30.0,30,5.0,4,5,5,5,5,5,5,5,0,214.0,95.11,223.88,89.55,B+
10.0,5.0,5.0,5.0,10,40,,,10.0,,10.0,,,,,10.0,,,,15.0,15.0,30.0,30.0,5.0,30.0,30,5.0,5,5,5,5,5,5,5,5,5,225.0,100.0,250.0,100.0,A
9.94,5.0,5.0,5.0,0,0,,,,,20.0,10.0,,,,,,,,15.0,15.0,30.0,30.0,5.0,30.0,30,5.0,5,5,5,5,5,5,5,5,5,175.0,77.78,199.94,79.98,C+
10.0,5.0,5.0,5.0,10,40,,,20.0,10.0,,,,,,,,,,15.0,15.0,30.0,30.0,5.0,30.0,30,5.0,5,5,5,5,5,4,5,5,5,224.0,99.56,249.0,99.6,A
10.0,5.0,5.0,0.0,0,40,,,,,,,,,,,,,15.0,0.0,15.0,15.0,22.5,5.0,30.0,30,5.0,5,5,0,5,4,4,4,5,5,184.5,82.0,204.5,81.8,B
10.0,5.0,5.0,5.0,10,0,,10.0,,,,5.0,,,5.0,,,10.0,,15.0,15.0,30.0,30.0,5.0,30.0,30,5.0,5,5,5,5,5,5,5,5,5,185.0,82.22,210.0,84.0,B
10.0,5.0,5.0,5.0,10,40,,,10.0,10.0,,,,,10.0,,,,,15.0,15.0,30.0,30.0,5.0,30.0,30,5.0,5,5,5,5,5,5,4,5,5,224.0,99.56,249.0,99.6,A
10.0,5.0,5.0,5.0,10,0,,,,,,,15.0,,,,,,20.0,15.0,15.0,30.0,0.0,5.0,30.0,30,5.0,5,5,5,5,5,4,4,5,5,153.0,68.0,178.0,71.2,C
9.94,5.0,5.0,5.0,0,30,,,,,,5.0,10.0,,,,,,15.0,15.0,15.0,30.0,30.0,5.0,7.5,30,5.0,5,5,0,5,5,5,4,5,5,176.5,78.44,201.44,80.58,B
9.94,5.0,5.0,5.0,10,40,,15.0,,10.0,10.0,,,,,,,,,15.0,15.0,30.0,30.0,5.0,30.0,30,5.0,5,5,5,5,5,1,5,5,5,221.0,98.22,245.94,98.38,A
10.0,5.0,5.0,5.0,10,40,10.0,20.0,,,,,,,,,,,,15.0,15.0,30.0,30.0,5.0,30.0,30,4.0,5,5,5,5,5,5,5,5,5,224.0,99.56,249.0,99.6,A
9.56,5.0,5.0,5.0,10,40,,,,,,20.0,,,,,,,10.0,15.0,15.0,30.0,30.0,5.0,0.0,30,5.0,5,5,5,5,5,5,5,5,5,195.0,86.67,219.56,87.83,B
10.0,5.0,5.0,5.0,10,40,,,,,,,,,,,,,15.0,0.0,15.0,15.0,30.0,5.0,18.0,0,5.0,4,5,5,5,5,5,5,5,5,167.0,74.22,192.0,76.8,C
9.75,5.0,5.0,5.0,10,40,,,,10.0,,20.0,,,,,,,,15.0,15.0,30.0,30.0,5.0,30.0,30,5.0,5,5,4,5,5,5,5,5,5,224.0,99.56,248.75,99.5,A
10.0,5.0,5.0,5.0,0,40,,,,,,,15.0,,,,,,15.0,15.0,15.0,30.0,22.5,0.0,30.0,30,4.0,5,5,5,5,5,5,5,5,5,201.5,89.56,226.5,90.6,A
10.0,5.0,5.0,5.0,10,40,,,,,10.0,,5.0,,,,,,20.0,15.0,15.0,30.0,30.0,5.0,15.0,30,5.0,5,5,5,5,5,5,5,5,5,210.0,93.33,235.0,94.0,A
10.0,5.0,5.0,5.0,10,0,,,,,,,15.0,,,,,,15.0,15.0,15.0,30.0,30.0,5.0,30.0,30,5.0,5,5,5,5,5,4,5,5,5,184.0,81.78,209.0,83.6,B
10.0,5.0,5.0,5.0,10,40,,10.0,,,5.0,5.0,,,,10.0,,,,15.0,15.0,30.0,30.0,5.0,30.0,30,5.0,5,5,5,5,5,5,5,5,5,225.0,100.0,250.0,100.0,A
9.19,5.0,5.0,5.0,10,40,,5.0,,,0.0,10.0,,,5.0,5.0,,5.0,,15.0,15.0,30.0,30.0,5.0,30.0,30,5.0,5,5,5,5,5,4,5,5,5,224.0,99.56,248.19,99.28,A
10.0,5.0,5.0,5.0,10,40,,,10.0,,,,10.0,,5.0,,5.0,,,15.0,15.0,30.0,30.0,5.0,18.0,30,4.0,5,5,5,5,5,4,5,5,5,211.0,93.78,236.0,94.4,A
9.88,5.0,5.0,5.0,10,40,,,,,,,15.0,,10.0,,,,10.0,15.0,15.0,30.0,30.0,5.0,30.0,30,5.0,5,5,5,0,4,4,5,5,5,218.0,96.89,242.88,97.15,A
9.0,5.0,5.0,5.0,10,40,,10.0,,,,,10.0,10.0,,10.0,,,,15.0,15.0,30.0,30.0,5.0,30.0,30,5.0,5,5,5,5,5,5,5,3,5,223.0,99.11,247.0,98.8,A
10.0,5.0,5.0,5.0,10,40,,,,,30.0,,,,,,,,,15.0,15.0,30.0,30.0,5.0,30.0,30,5.0,4,5,5,5,5,5,5,4,5,223.0,99.11,248.0,99.2,A
10.0,5.0,5.0,5.0,10,40,,,,,,,5.0,,,,,,15.0,0.0,15.0,15.0,30.0,5.0,29.0,30,5.0,5,5,5,5,5,5,5,5,5,209.0,92.89,234.0,93.6,A
9.5,5.0,5.0,0.0,10,40,,,,10.0,20.0,,,,,,,,,15.0,15.0,30.0,30.0,5.0,30.0,30,5.0,5,5,5,5,5,5,5,5,5,225.0,100.0,244.5,97.8,A
10.0,5.0,5.0,5.0,0,0,,,,,,,15.0,,,,,,20.0,15.0,15.0,30.0,30.0,5.0,30.0,30,4.67,5,5,5,5,5,4,5,5,5,173.67,77.19,198.67,79.47,C+
10.0,5.0,5.0,5.0,10,40,,,,,,,,,,,,,,0.0,0.0,0.0,30.0,5.0,30.0,30,5.0,5,5,5,5,5,4,5,5,5,194.0,86.22,219.0,87.6,B
10.0,5.0,5.0,5.0,10,40,,,,,,5.0,5.0,,10.0,,,,5.0,0.0,15.0,15.0,30.0,5.0,30.0,30,5.0,5,5,5,5,5,5,5,5,5,210.0,93.33,235.0,94.0,A
10.0,5.0,5.0,5.0,10,40,,,10.0,,5.0,,,,,,,5.0,10.0,15.0,15.0,30.0,24.0,5.0,30.0,30,5.0,5,5,5,5,5,5,5,5,5,219.0,97.33,244.0,97.6,A
9.0,0.0,5.0,0.0,10,40,,,10.0,,,5.0,,,,10.0,10.0,,,15.0,15.0,30.0,30.0,5.0,30.0,30,5.0,5,5,5,5,5,5,5,4,5,224.0,99.56,238.0,95.2,A
10.0,5.0,5.0,5.0,10,0,,10.0,,,,,5.0,5.0,,10.0,,,,15.0,15.0,30.0,30.0,5.0,30.0,0,5.0,5,5,5,5,5,5,5,5,5,155.0,68.89,180.0,72.0,C
10.0,5.0,5.0,5.0,10,40,,,,20.0,,,10.0,,,,,,,15.0,15.0,30.0,30.0,5.0,30.0,30,5.0,5,5,5,5,4,4,4,5,5,222.0,98.67,247.0,98.8,A
9.69,0.0,0.0,5.0,10,40,10.0,,,,,,5.0,,,,,,15.0,15.0,15.0,30.0,22.5,0.0,15.0,30,5.0,5,0,5,0,0,5,5,0,5,177.5,78.89,192.19,76.88,C
10.0,5.0,5.0,5.0,10,40,10.0,10.0,,10.0,,,,,,,,,,15.0,15.0,30.0,30.0,5.0,30.0,30,5.0,5,5,5,5,5,5,5,5,5,225.0,100.0,250.0,100.0,A
9.88,5.0,5.0,5.0,10,40,,30.0,,,,,,,,,,,,15.0,15.0,30.0,30.0,5.0,30.0,30,4.0,5,5,5,5,5,5,5,5,5,224.0,99.56,248.88,99.55,A
10.0,5.0,5.0,5.0,10,40,,,,5.0,,,10.0,,,10.0,,,5.0,15.0,15.0,30.0,30.0,5.0,30.0,30,5.0,5,5,5,5,5,5,5,4,5,224.0,99.56,249.0,99.6,A
10.0,5.0,5.0,5.0,10,40,,,,10.0,10.0,10.0,,,,,,,,15.0,15.0,30.0,30.0,5.0,30.0,30,5.0,5,5,5,5,5,5,5,4,5,224.0,99.56,249.0,99.6,A
9.38,5.0,5.0,5.0,0,0,,10.0,,,,,5.0,,,,5.0,5.0,5.0,15.0,15.0,30.0,30.0,0.0,30.0,30,5.0,5,5,5,0,0,0,4,5,5,154.0,68.44,178.38,71.35,C
10.0,5.0,5.0,5.0,10,40,,,10.0,10.0,,,,,10.0,,,,,15.0,15.0,30.0,30.0,5.0,30.0,30,5.0,5,5,5,5,5,5,5,5,5,225.0,100.0,250.0,100.0,A
10.0,5.0,5.0,5.0,10,40,,10.0,20.0,,,,,,,,,,,15.0,15.0,30.0,22.5,5.0,30.0,30,5.0,5,5,5,5,5,5,5,5,5,217.5,96.67,242.5,97.0,A
10.0,0.0,0.0,5.0,10,40,,,,10.0,,,10.0,,,,,,20.0,15.0,15.0,30.0,22.5,5.0,29.0,30,5.0,5,5,5,0,5,5,4,5,5,210.5,93.56,225.5,90.2,A
9.5,5.0,5.0,2.5,0,0,,10.0,20.0,,,,,,,,,,,15.0,15.0,30.0,30.0,5.0,22.5,30,5.0,5,5,5,5,5,5,4,0,5,161.5,71.78,183.5,73.4,C
10.0,5.0,5.0,5.0,0,40,,,,,10.0,10.0,,5.0,,,5.0,,,15.0,15.0,30.0,30.0,5.0,30.0,30,5.0,5,5,0,5,5,4,0,5,5,204.0,90.67,229.0,91.6,A
0.0,5.0,5.0,5.0,10,30,,,10.0,,,10.0,,,,,10.0,,,15.0,15.0,30.0,30.0,5.0,30.0,30,5.0,5,5,5,5,5,5,5,5,5,215.0,95.56,230.0,92.0,A
10.0,5.0,5.0,5.0,10,40,,,,,,,,,,,,,,0.0,0.0,0.0,30.0,5.0,30.0,30,5.0,5,5,5,5,5,5,5,5,5,195.0,86.67,220.0,88.0,B+
10.0,5.0,5.0,5.0,10,40,,,,,10.0,5.0,,,,,,,20.0,15.0,15.0,30.0,30.0,5.0,30.0,30,5.0,5,5,5,5,5,5,4,5,5,224.0,99.56,249.0,99.6,A
9.63,5.0,5.0,5.0,0,40,,,,,,,,,,,,,,0.0,0.0,0.0,30.0,5.0,30.0,0,5.0,5,5,5,5,5,5,5,5,5,155.0,68.89,179.63,71.85,C
9.75,5.0,5.0,5.0,10,40,,10.0,,,,5.0,,,,,,10.0,5.0,15.0,15.0,30.0,30.0,0.0,30.0,30,5.0,5,5,5,5,5,5,5,5,5,220.0,97.78,244.75,97.9,A
9.69,5.0,5.0,5.0,0,40,5.0,10.0,,5.0,5.0,,,,,5.0,,5.0,,15.0,15.0,30.0,30.0,5.0,29.0,30,5.0,5,5,5,5,5,4,5,5,5,213.0,94.67,237.69,95.08,A
10.0,5.0,0.0,0.0,10,40,,10.0,,,20.0,,,,,,,,,15.0,15.0,30.0,30.0,5.0,30.0,30,5.0,4,5,5,5,5,5,4,5,5,223.0,99.11,238.0,95.2,A
10.0,5.0,5.0,5.0,0,0,,,,,,20.0,,,,,,,10.0,15.0,15.0,30.0,30.0,5.0,30.0,30,5.0,5,5,5,5,5,5,5,3,5,173.0,76.89,198.0,79.2,C+
10.0,5.0,5.0,5.0,10,40,,,,,,10.0,10.0,,10.0,,,,,15.0,15.0,30.0,30.0,5.0,30.0,30,5.0,5,5,5,5,5,5,5,5,5,225.0,100.0,250.0,100.0,A
10.0,5.0,5.0,5.0,10,0,,20.0,,,,10.0,,,,,,,,15.0,15.0,30.0,30.0,0.0,30.0,30,5.0,5,5,5,4,5,5,5,5,5,179.0,79.56,204.0,81.6,B
9.81,5.0,5.0,5.0,10,40,,,10.0,,10.0,,,,,,,,10.0,15.0,15.0,30.0,30.0,5.0,30.0,30,5.0,5,5,5,5,5,5,5,5,5,225.0,100.0,249.81,99.93,A
7.13,5.0,5.0,3.75,0,40,,,,,,,,,,,,,,0.0,0.0,0.0,22.5,3.75,30.0,30,5.0,5,5,5,5,5,5,5,5,5,176.25,78.33,197.13,78.85,C+
10.0,5.0,5.0,5.0,10,40,,,,5.0,,15.0,5.0,5.0,,5.0,,,,15.0,15.0,30.0,30.0,5.0,30.0,30,5.0,5,5,5,5,5,5,5,5,5,225.0,100.0,250.0,100.0,A
8.31,5.0,0.0,0.0,10,40,,,,,,,,,,,,,,0.0,0.0,0.0,30.0,5.0,30.0,30,5.0,4,5,5,5,5,4,5,4,5,192.0,85.33,205.31,82.13,B
10.0,5.0,5.0,5.0,10,40,,,,,20.0,10.0,,,,,,,,15.0,15.0,30.0,30.0,5.0,30.0,30,4.0,5,5,5,5,5,4,5,4,0,217.0,96.44,242.0,96.8,A
10.0,5.0,5.0,5.0,10,0,,10.0,,,20.0,,,,,,,,,15.0,15.0,30.0,30.0,5.0,30.0,30,5.0,5,5,5,5,5,5,5,4,5,184.0,81.78,209.0,83.6,B
10.0,5.0,5.0,0.0,0,40,,,,,,10.0,5.0,,,,10.0,,5.0,15.0,15.0,30.0,30.0,0.0,0.0,30,5.0,4,5,5,5,5,5,4,5,5,178.0,79.11,198.0,79.2,C+
10.0,5.0,5.0,5.0,10,40,,10.0,0.0,10.0,,,,,,10.0,,,,15.0,15.0,30.0,30.0,5.0,30.0,30,5.0,5,5,5,5,5,5,5,5,5,225.0,100.0,250.0,100.0,A
8.63,5.0,3.75,0.0,10,0,,,,,,25.0,,,,,,,,15.0,0.0,15.0,15.0,5.0,0.0,30,4.0,0,5,5,5,5,5,5,4,0,113.0,50.22,130.38,52.15,F
9.88,5.0,5.0,5.0,10,0,,,,10.0,,10.0,,,,,,10.0,,15.0,15.0,30.0,30.0,5.0,30.0,30,5.0,5,5,5,5,5,4,5,5,5,184.0,81.78,208.88,83.55,B
10.0,5.0,5.0,5.0,10,40,,,10.0,10.0,,,,,,10.0,,,,15.0,15.0,30.0,30.0,5.0,30.0,30,5.0,5,5,5,5,5,5,5,5,5,225.0,100.0,250.0,100.0,A
9.69,5.0,0.0,5.0,10,40,,,,,,,20.0,,,,,,,15.0,0.0,15.0,30.0,5.0,30.0,0,5.0,5,5,5,5,5,5,5,5,5,180.0,80.0,199.69,79.88,C+
10.0,5.0,5.0,5.0,10,40,,,,,,20.0,,,,,,,10.0,15.0,15.0,30.0,30.0,5.0,30.0,0,5.0,5,5,5,5,5,5,5,4,5,194.0,86.22,219.0,87.6,B
10.0,5.0,5.0,5.0,10,40,10.0,,,5.0,5.0,10.0,,,,,,,,15.0,15.0,30.0,30.0,5.0,30.0,30,5.0,5,5,5,5,5,5,5,5,5,225.0,100.0,250.0,100.0,A
9.19,2.5,5.0,0.0,10,40,,,,,10.0,,10.0,,,,,10.0,,15.0,15.0,30.0,30.0,5.0,30.0,30,5.0,5,5,5,5,5,5,5,5,5,225.0,100.0,241.69,96.68,A
9.5,0.0,0.0,0.0,10,40,,,,,,,,,,,,,,0.0,0.0,0.0,30.0,5.0,29.0,30,5.0,5,5,5,5,5,0,5,4,0,183.0,81.33,192.5,77.0,C
10.0,5.0,5.0,5.0,10,40,,5.0,,20.0,5.0,,,,,,,,,15.0,15.0,30.0,30.0,5.0,30.0,30,5.0,5,5,5,5,5,5,5,5,5,225.0,100.0,250.0,100.0,A
9.75,5.0,0.0,0.0,10,0,,,,,,,,,,,,,,0.0,0.0,0.0,0.0,5.0,0.0,0,5.0,5,5,4,5,4,5,5,5,5,63.0,28.0,77.75,31.1,F
9.94,5.0,0.0,5.0,10,0,,,,,,,15.0,,,,,10.0,5.0,15.0,15.0,30.0,30.0,0.0,29.0,30,5.0,5,5,5,0,5,5,4,0,5,168.0,74.67,187.94,75.18,C
9.88,5.0,5.0,0.0,10,0,,,5.0,5.0,5.0,5.0,,,5.0,,5.0,,,15.0,15.0,30.0,30.0,5.0,0.0,30,5.0,5,5,5,5,5,5,5,3,4,152.0,67.56,171.88,68.75,D+
8.88,5.0,5.0,5.0,10,40,,,,,,,15.0,,,,,,15.0,15.0,15.0,30.0,30.0,5.0,30.0,30,5.0,5,5,5,5,5,4,5,5,5,224.0,99.56,247.88,99.15,A
10.0,5.0,5.0,0.0,10,40,,,,,,10.0,10.0,,,,,,10.0,15.0,15.0,30.0,30.0,5.0,29.0,30,5.0,5,5,5,5,4,4,4,5,5,221.0,98.22,241.0,96.4,A
9.38,5.0,5.0,5.0,10,40,,,10.0,5.0,15.0,5.0,,,,,,,,15.0,15.0,30.0,30.0,5.0,30.0,30,5.0,5,5,5,5,5,5,5,5,5,225.0,100.0,249.38,99.75,A
10.0,5.0,5.0,5.0,10,40,10.0,,10.0,10.0,,,,,,,,,,15.0,15.0,30.0,30.0,5.0,30.0,30,5.0,5,5,5,5,5,5,5,5,5,225.0,100.0,250.0,100.0,A
4.94,5.0,5.0,5.0,10,40,,,,,,10.0,10.0,,,,,,10.0,15.0,15.0,30.0,0.0,5.0,30.0,30,3.67,5,5,5,5,5,5,5,5,5,193.67,86.07,213.6,85.44,B
10.0,5.0,5.0,5.0,10,40,,20.0,10.0,,,,,,,,,,,15.0,15.0,30.0,30.0,5.0,30.0,30,5.0,5,5,5,5,5,5,5,5,5,225.0,100.0,250.0,100.0,A
10.0,5.0,5.0,5.0,0,0,,,,,5.0,,10.0,,,,,5.0,10.0,15.0,15.0,30.0,30.0,5.0,29.0,30,5.0,5,5,4,5,5,5,5,5,5,173.0,76.89,198.0,79.2,C+
9.75,5.0,5.0,5.0,10,40,,,,,10.0,,10.0,,,,,,20.0,15.0,15.0,30.0,30.0,1.25,30.0,30,5.0,5,5,5,5,5,5,5,5,5,221.25,98.33,246.0,98.4,A
10.0,5.0,5.0,5.0,10,40,,10.0,,,,5.0,,,5.0,,10.0,,,15.0,15.0,30.0,30.0,5.0,30.0,30,4.0,5,5,5,5,5,5,5,4,5,223.0,99.11,248.0,99.2,A
8.63,5.0,5.0,5.0,10,40,,,,,,10.0,10.0,,,10.0,,,,15.0,15.0,30.0,30.0,5.0,30.0,30,5.0,5,5,5,5,5,5,5,5,5,225.0,100.0,248.63,99.45,A
9.94,5.0,5.0,0.0,10,0,,10.0,,,,5.0,,,,10.0,,,5.0,15.0,15.0,30.0,30.0,5.0,18.0,30,5.0,5,5,5,5,5,3,5,5,5,171.0,76.0,190.94,76.38,C
10.0,5.0,5.0,0.0,0,40,,,,,,,,,,,,,,0.0,0.0,0.0,0.0,0.0,21.5,30,4.67,5,5,5,5,5,5,5,5,5,141.17,62.74,161.17,64.47,D
9.88,5.0,5.0,5.0,10,40,,,20.0,,,,,,10.0,,,,,15.0,15.0,30.0,30.0,5.0,30.0,30,5.0,5,5,5,5,5,5,5,3,5,223.0,99.11,247.88,99.15,A
10.0,5.0,5.0,5.0,10,40,,30.0,,,,,,,,,,,,15.0,15.0,30.0,30.0,5.0,30.0,30,5.0,5,5,5,4,4,5,5,3,5,221.0,98.22,246.0,98.4,A
9.75,5.0,5.0,0.0,0,0,,,,,,,15.0,,,,20.0,,,15.0,15.0,30.0,30.0,5.0,30.0,30,5.0,5,5,4,5,5,5,5,5,5,174.0,77.33,193.75,77.5,C
10.0,5.0,5.0,0.0,10,40,,,,,,,20.0,,,,,,10.0,15.0,15.0,30.0,30.0,5.0,29.0,30,5.0,5,5,5,5,5,4,5,5,5,223.0,99.11,243.0,97.2,A
9.63,5.0,0.0,5.0,10,40,,,,,,5.0,5.0,,,,,,5.0,0.0,0.0,0.0,30.0,5.0,0.0,30,3.33,5,5,5,5,5,5,5,5,5,163.33,72.59,182.96,73.18,C
10.0,5.0,5.0,0.0,10,40,10.0,,5.0,,,5.0,,5.0,,5.0,,,,15.0,15.0,30.0,30.0,5.0,30.0,30,5.0,5,5,5,5,5,5,5,5,5,225.0,100.0,245.0,98.0,A
10.0,5.0,5.0,5.0,10,40,,,10.0,,,,10.0,,,,15.0,,,15.0,15.0,30.0,30.0,5.0,30.0,30,5.0,5,5,5,5,5,5,5,5,5,225.0,100.0,250.0,100.0,A
9.88,5.0,5.0,5.0,10,40,,,,,,,,,,,,,,15.0,15.0,30.0,30.0,5.0,30.0,30,5.0,5,5,5,5,5,5,5,5,5,225.0,100.0,249.88,99.95,A
10.0,5.0,5.0,5.0,10,40,,10.0,20.0,,,,,,,,,,,15.0,15.0,30.0,30.0,5.0,30.0,30,5.0,5,5,5,5,5,5,5,5,5,225.0,100.0,250.0,100.0,A
10.0,5.0,0.0,0.0,10,40,,,,10.0,,10.0,,,,,10.0,,,15.0,15.0,30.0,30.0,0.0,30.0,30,5.0,5,5,5,5,4,4,5,5,5,218.0,96.89,233.0,93.2,A
10.0,5.0,5.0,5.0,10,40,,,,,15.0,,,,,,,,,15.0,0.0,15.0,30.0,5.0,30.0,30,4.67,4,5,0,5,5,5,5,5,5,203.67,90.52,228.67,91.47,A
9.0,5.0,5.0,5.0,10,40,,5.0,,,,10.0,,5.0,,10.0,,,,15.0,15.0,30.0,30.0,5.0,0.0,30,5.0,5,5,5,5,5,5,5,5,0,190.0,84.44,214.0,85.6,B
9.88,5.0,5.0,5.0,10,0,,15.0,,,,,,,5.0,,5.0,5.0,,15.0,15.0,30.0,30.0,0.0,30.0,30,5.0,5,5,5,5,5,5,5,5,5,180.0,80.0,204.88,81.95,B
10.0,5.0,5.0,5.0,10,40,,20.0,,,,,10.0,,,,,,,15.0,15.0,30.0,24.0,5.0,30.0,30,5.0,5,5,5,5,5,5,5,5,5,219.0,97.33,244.0,97.6,A
10.0,5.0,5.0,5.0,10,40,,5.0,,,5.0,,15.0,,,5.0,,,,15.0,15.0,30.0,30.0,0.0,30.0,30,5.0,5,5,5,5,5,5,5,5,5,220.0,97.78,245.0,98.0,A
9.75,5.0,5.0,0.0,10,40,10.0,,,,,20.0,,,,,,,,15.0,15.0,30.0,30.0,5.0,30.0,30,5.0,5,5,4,5,5,5,5,5,5,224.0,99.56,243.75,97.5,A
9.38,5.0,5.0,5.0,10,40,,,,,,15.0,,,,,10.0,,5.0,15.0,15.0,30.0,30.0,5.0,29.0,30,4.0,5,5,5,5,5,5,5,4,5,222.0,98.67,246.38,98.55,A
9.69,5.0,5.0,5.0,0,0,,,,,,,,,,,,,,0.0,0.0,0.0,30.0,5.0,30.0,30,5.0,5,5,5,5,4,5,4,5,4,142.0,63.11,166.69,66.68,D
10.0,5.0,5.0,5.0,10,40,,,,,,15.0,,,,,,,,15.0,0.0,15.0,30.0,5.0,30.0,30,4.0,5,5,5,5,5,5,5,5,5,209.0,92.89,234.0,93.6,A
9.25,5.0,5.0,5.0,10,30,10.0,,10.0,,,5.0,5.0,,,,,,,15.0,15.0,30.0,30.0,5.0,29.0,30,4.0,5,5,5,5,3,3,5,5,5,209.0,92.89,233.25,93.3,A
10.0,5.0,5.0,0.0,10,40,,,,,,,20.0,5.0,,5.0,,,,15.0,15.0,30.0,30.0,5.0,30.0,30,5.0,5,5,5,5,5,5,5,5,5,225.0,100.0,245.0,98.0,A
10.0,5.0,5.0,5.0,0,40,,10.0,5.0,,,,,,5.0,,10.0,,,15.0,15.0,30.0,30.0,5.0,30.0,30,5.0,5,5,5,5,5,5,4,5,5,214.0,95.11,239.0,95.6,A
10.0,5.0,0.0,0.0,10,0,,,,,,20.0,,,,,10.0,,,15.0,15.0,30.0,30.0,5.0,30.0,30,5.0,5,5,5,5,5,5,5,5,5,185.0,82.22,200.0,80.0,B
10.0,5.0,5.0,5.0,10,0,,,20.0,,,,,,10.0,,,,,15.0,15.0,30.0,30.0,5.0,30.0,30,5.0,5,5,5,5,5,5,5,4,5,184.0,81.78,209.0,83.6,B
10.0,5.0,5.0,5.0,10,40,,10.0,,,,5.0,,,,,5.0,,10.0,15.0,15.0,30.0,30.0,5.0,30.0,30,5.0,5,5,5,5,5,4,5,5,5,224.0,99.56,249.0,99.6,A
9.38,5.0,5.0,5.0,10,40,0.0,,,,,,15.0,,,,5.0,,10.0,15.0,15.0,30.0,30.0,5.0,29.0,0,5.0,3,5,5,5,5,5,5,5,5,192.0,85.33,216.38,86.55,B
9.75,5.0,5.0,5.0,10,40,,,10.0,,,,10.0,,,,10.0,,,15.0,15.0,30.0,30.0,5.0,30.0,30,5.0,5,5,5,5,5,5,4,5,5,224.0,99.56,248.75,99.5,A
8.75,5.0,5.0,5.0,10,40,,,,,,20.0,,,,,,,10.0,15.0,15.0,30.0,30.0,5.0,30.0,30,5.0,5,5,5,5,5,4,5,5,5,224.0,99.56,247.75,99.1,A
10.0,5.0,5.0,5.0,10,40,,,,,5.0,5.0,,,,,,,,0.0,0.0,0.0,30.0,5.0,29.0,30,5.0,5,5,5,5,5,5,2,0,5,186.0,82.67,211.0,84.4,B
9.38,5.0,0.0,0.0,10,40,,,5.0,,5.0,5.0,,,5.0,,,5.0,5.0,15.0,15.0,30.0,30.0,5.0,30.0,30,5.0,5,5,5,5,5,5,5,5,5,225.0,100.0,239.38,95.75,A
10.0,5.0,5.0,0.0,0,40,,,,,10.0,10.0,,,,,,,20.0,15.0,15.0,30.0,30.0,5.0,30.0,30,4.0,5,5,5,5,5,4,5,5,5,213.0,94.67,233.0,93.2,A
10.0,5.0,5.0,5.0,10,40,,,,,10.0,5.0,,,10.0,,10.0,,,15.0,15.0,30.0,22.5,5.0,30.0,30,5.0,4,5,5,5,5,0,5,5,5,211.5,94.0,236.5,94.6,A
10.0,5.0,5.0,5.0,10,40,,,,10.0,10.0,,,,,10.0,,,,15.0,15.0,30.0,30.0,5.0,30.0,30,5.0,5,5,5,5,5,5,5,4,5,224.0,99.56,249.0,99.6,A
10.0,5.0,5.0,5.0,10,40,,,10.0,,,,5.0,,5.0,,5.0,5.0,,15.0,15.0,30.0,30.0,5.0,30.0,30,5.0,5,5,5,5,5,5,5,5,5,225.0,100.0,250.0,100.0,A
9.88,5.0,5.0,0.0,10,40,,,,,,,,,,,,,15.0,0.0,15.0,15.0,0.0,2.5,22.5,30,5.0,5,5,5,5,5,5,4,5,5,169.0,75.11,188.88,75.55,C
9.88,5.0,5.0,5.0,0,40,,,,,,15.0,,,10.0,,,5.0,,15.0,15.0,30.0,30.0,5.0,30.0,30,5.0,5,5,5,5,5,5,5,5,5,215.0,95.56,239.88,95.95,A
9.63,5.0,5.0,0.0,0,0,,,,,,,,,,,,,,0.0,0.0,0.0,0.0,0.0,0.0,0,5.0,5,5,5,5,5,0,5,5,0,40.0,17.78,59.63,23.85,F
9.88,5.0,5.0,5.0,10,40,,,,,,10.0,10.0,,,,10.0,,,15.0,15.0,30.0,30.0,5.0,30.0,30,5.0,5,5,5,5,5,4,5,5,5,224.0,99.56,248.88,99.55,A
9.88,5.0,5.0,5.0,10,40,,,,5.0,,5.0,5.0,5.0,,5.0,,,,15.0,0.0,15.0,30.0,5.0,18.0,30,5.0,5,5,5,5,5,5,5,5,5,198.0,88.0,222.88,89.15,B+
10.0,5.0,5.0,5.0,10,40,,,,,,,5.0,,,,,,20.0,0.0,15.0,15.0,30.0,5.0,0.0,30,5.0,5,5,5,5,5,5,5,5,5,180.0,80.0,205.0,82.0,B
10.0,5.0,5.0,5.0,0,40,,,10.0,,20.0,,,,,,,,,15.0,15.0,30.0,30.0,5.0,30.0,30,5.0,5,5,5,5,5,0,5,5,5,210.0,93.33,235.0,94.0,A
9.38,5.0,5.0,5.0,10,40,,5.0,5.0,10.0,,,,,,,10.0,,,15.0,15.0,30.0,30.0,5.0,29.0,30,4.67,5,5,5,5,5,4,5,5,5,222.67,98.96,247.04,98.82,A
10.0,5.0,5.0,5.0,10,40,,,,,,10.0,5.0,,,10.0,,,10.0,15.0,15.0,30.0,30.0,5.0,29.0,30,4.0,5,5,5,5,5,5,5,4,5,222.0,98.67,247.0,98.8,A
10.0,5.0,5.0,5.0,10,40,,,,,5.0,,10.0,,,,,,15.0,15.0,15.0,30.0,30.0,5.0,30.0,30,5.0,5,5,5,5,5,5,5,5,5,225.0,100.0,250.0,100.0,A
9.5,2.5,0.0,5.0,10,40,,,,,,,20.0,,,,,,10.0,15.0,15.0,30.0,30.0,5.0,30.0,30,5.0,5,5,5,5,5,5,4,5,5,224.0,99.56,241.0,96.4,A
9.38,5.0,5.0,5.0,10,10,,,10.0,20.0,,,,,,,,,,15.0,15.0,30.0,30.0,5.0,30.0,30,5.0,5,5,5,5,5,5,5,5,5,195.0,86.67,219.38,87.75,B
9.75,5.0,5.0,5.0,10,40,,,,,,10.0,15.0,,,10.0,,,,15.0,15.0,30.0,30.0,5.0,30.0,30,5.0,5,5,5,5,5,5,5,5,5,225.0,100.0,249.75,99.9,A
9.95,5.0,5.0,5.0,0,40,,,,,5.0,10.0,,,,,,10.0,10.0,15.0,15.0,30.0,30.0,5.0,29.0,30,5.0,5,5,5,5,5,5,5,5,5,214.0,95.11,238.95,95.58,A
9.76,5.0,5.0,5.0,0,0,,,,,,,15.0,,,,,,,15.0,0.0,15.0,30.0,5.0,30.0,30,5.0,5,5,5,5,5,0,5,5,5,155.0,68.89,179.76,71.91,C
10.0,5.0,5.0,5.0,10,40,,,,,,0.0,20.0,,,,10.0,,,15.0,15.0,30.0,30.0,5.0,30.0,30,5.0,5,5,5,5,5,5,5,5,5,225.0,100.0,250.0,100.0,A
10.0,5.0,5.0,5.0,10,40,,5.0,5.0,5.0,,,,,,,,,15.0,15.0,15.0,30.0,30.0,3.75,0.0,30,5.0,5,5,5,5,5,4,5,3,5,190.75,84.78,215.75,86.3,B
9.75,3.75,5.0,5.0,10,40,,,10.0,,10.0,,,,,10.0,,,,15.0,15.0,30.0,30.0,5.0,30.0,30,5.0,5,5,5,5,5,5,5,5,5,225.0,100.0,248.5,99.4,A
10.0,5.0,5.0,5.0,10,40,,,5.0,,,10.0,15.0,,,,,,,15.0,15.0,30.0,30.0,5.0,30.0,30,5.0,5,5,5,5,5,5,5,5,5,225.0,100.0,250.0,100.0,A
10.0,5.0,5.0,5.0,10,40,,10.0,,,,,5.0,,,5.0,10.0,,,15.0,15.0,30.0,30.0,5.0,30.0,30,5.0,5,5,5,5,5,5,5,5,5,225.0,100.0,250.0,100.0,A
9.44,5.0,5.0,5.0,10,40,,20.0,10.0,,,,,,,,,,,15.0,15.0,30.0,30.0,5.0,30.0,30,5.0,5,5,5,5,5,5,5,5,5,225.0,100.0,249.44,99.78,A
8.88,5.0,5.0,5.0,10,40,,,,0.0,,5.0,10.0,,5.0,,10.0,,,15.0,15.0,30.0,30.0,5.0,22.5,30,3.67,5,5,5,5,5,5,5,5,0,211.17,93.85,235.04,94.02,A
9.31,5.0,5.0,5.0,0,40,,20.0,,,,10.0,,,,,,,,15.0,15.0,30.0,30.0,5.0,22.5,30,5.0,5,5,5,5,5,5,4,4,5,205.5,91.33,229.81,91.93,A
10.0,5.0,0.0,5.0,10,40,,10.0,,,,,,,,,,,,0.0,0.0,0.0,30.0,5.0,30.0,30,5.0,5,5,5,5,5,5,5,5,5,195.0,86.67,215.0,86.0,B
10.0,5.0,5.0,5.0,10,40,,,,,,20.0,,,,,,,10.0,15.0,15.0,30.0,30.0,5.0,30.0,30,5.0,5,5,5,5,5,5,5,5,5,225.0,100.0,250.0,100.0,A
9.13,5.0,5.0,5.0,10,40,,,,,,,,,,,,,15.0,0.0,15.0,15.0,30.0,5.0,22.5,30,5.0,5,5,5,5,5,5,5,5,5,202.5,90.0,226.63,90.65,A
10.0,5.0,5.0,0.0,0,0,,,,,,20.0,,,,,,,,15.0,0.0,15.0,22.5,5.0,0.0,30,5.0,5,5,5,5,5,5,5,5,0,117.5,52.22,137.5,55.0,F
10.0,5.0,5.0,5.0,10,0,,10.0,,,5.0,,,,,,,,,15.0,0.0,15.0,30.0,5.0,30.0,30,5.0,5,5,5,5,5,5,5,5,5,170.0,75.56,195.0,78.0,C+
0.0,5.0,5.0,5.0,10,0,,,,,,,20.0,,,10.0,,,,15.0,15.0,30.0,30.0,5.0,30.0,30,4.67,5,5,5,5,5,5,5,4,5,183.67,81.63,198.67,79.47,C+
10.0,5.0,5.0,5.0,10,40,,30.0,,,,,,,,,,,,15.0,15.0,30.0,30.0,5.0,30.0,30,5.0,4,5,5,5,5,5,5,4,5,223.0,99.11,248.0,99.2,A
10.0,5.0,5.0,5.0,10,40,,,,,,10.0,20.0,,,,,,,15.0,15.0,30.0,30.0,5.0,30.0,30,4.0,5,5,5,5,5,5,5,3,5,222.0,98.67,247.0,98.8,A
9.63,5.0,5.0,5.0,10,40,,,,10.0,10.0,10.0,,,,,,,,15.0,15.0,30.0,22.5,5.0,30.0,30,5.0,5,5,5,0,5,4,5,5,5,211.5,94.0,236.13,94.45,A
0.0,5.0,5.0,5.0,10,40,,,,,,,15.0,,,,,10.0,10.0,15.0,15.0,30.0,30.0,5.0,29.0,30,5.0,5,5,5,5,5,5,5,5,5,224.0,99.56,239.0,95.6,A
10.0,5.0,5.0,5.0,10,18,,,10.0,10.0,,,,,,10.0,,,,15.0,15.0,30.0,30.0,5.0,30.0,30,5.0,5,5,5,5,5,5,5,5,5,203.0,90.22,228.0,91.2,A
9.75,5.0,5.0,5.0,10,40,,10.0,10.0,,,,5.0,,5.0,,,,,15.0,15.0,30.0,30.0,5.0,30.0,30,4.67,5,5,5,5,5,5,5,5,5,224.67,99.85,249.42,99.77,A
10.0,5.0,5.0,5.0,10,40,,10.0,5.0,,5.0,,,,,,10.0,,,15.0,15.0,30.0,30.0,5.0,30.0,30,5.0,5,5,4,4,5,4,5,5,4,221.0,98.22,246.0,98.4,A
10.0,5.0,5.0,5.0,10,40,,,,,,,,,,5.0,10.0,,,0.0,15.0,15.0,30.0,0.0,30.0,30,5.0,5,5,5,5,5,5,5,5,5,205.0,91.11,230.0,92.0,A
10.0,5.0,5.0,5.0,10,40,,,10.0,,,,10.0,,10.0,,,,,15.0,15.0,30.0,30.0,5.0,30.0,30,5.0,5,5,5,5,5,4,5,5,5,224.0,99.56,249.0,99.6,A
10.0,5.0,5.0,5.0,10,40,,,10.0,,10.0,10.0,,,,,,,,15.0,15.0,30.0,30.0,5.0,30.0,30,5.0,5,5,5,5,5,4,5,5,5,224.0,99.56,249.0,99.6,A
9.75,5.0,5.0,5.0,0,40,,10.0,,,5.0,,,,,,,,15.0,15.0,15.0,30.0,30.0,5.0,10.5,30,5.0,5,5,5,5,5,5,5,5,5,195.5,86.89,220.25,88.1,B+
9.75,5.0,5.0,5.0,10,40,,10.0,10.0,,,10.0,,,,,,,,15.0,15.0,30.0,30.0,5.0,30.0,30,5.0,5,5,5,5,5,5,5,5,5,225.0,100.0,249.75,99.9,A
9.75,5.0,5.0,5.0,10,40,,5.0,,,,5.0,5.0,,,,,,15.0,15.0,15.0,30.0,30.0,5.0,18.0,30,5.0,5,5,5,5,5,5,5,4,5,212.0,94.22,236.75,94.7,A
10.0,5.0,5.0,5.0,10,0,,,,5.0,,10.0,,,,,,,5.0,15.0,0.0,15.0,30.0,5.0,0.0,30,5.0,5,5,5,5,5,5,5,1,5,136.0,60.44,161.0,64.4,D
8.88,5.0,5.0,0.0,10,40,,,,10.0,,10.0,,,,10.0,,,,15.0,15.0,30.0,30.0,5.0,30.0,30,5.0,4,5,5,5,5,5,4,5,5,223.0,99.11,241.88,96.75,A
10.0,5.0,5.0,3.75,10,40,,,,,,10.0,10.0,,,10.0,,,,15.0,15.0,30.0,30.0,5.0,15.0,30,5.0,5,5,4,5,5,4,5,5,5,208.0,92.44,231.75,92.7,A
10.0,5.0,5.0,5.0,10,40,,,,,,20.0,10.0,,,,,10.0,,15.0,15.0,30.0,30.0,0.0,30.0,30,5.0,5,5,5,5,5,5,5,4,5,219.0,97.33,244.0,97.6,A
10.0,5.0,5.0,5.0,10,0,,,,,,10.0,10.0,,,,,,10.0,15.0,15.0,30.0,0.0,5.0,30.0,0,4.0,0,5,5,5,4,5,4,4,5,116.0,51.56,141.0,56.4,F
10.0,5.0,5.0,5.0,10,40,,30.0,,,,,,,,,,,,15.0,15.0,30.0,13.0,0.0,29.0,30,5.0,5,5,5,5,5,5,5,5,5,202.0,89.78,227.0,90.8,A
10.0,5.0,5.0,5.0,10,40,,,,,,5.0,10.0,,,,,,,15.0,0.0,15.0,0.0,5.0,30.0,30,5.0,5,0,5,5,5,5,5,5,5,175.0,77.78,200.0,80.0,B
9.51,5.0,0.0,5.0,0,0,,,10.0,,,10.0,,,,,,,20.0,15.0,15.0,30.0,30.0,5.0,30.0,30,5.0,5,5,5,5,5,5,5,5,5,175.0,77.78,194.51,77.81,C
10.0,5.0,5.0,5.0,10,40,,,,,,5.0,10.0,,,,10.0,,0.0,15.0,0.0,15.0,30.0,5.0,30.0,30,5.0,5,5,5,5,4,5,5,5,4,208.0,92.44,233.0,93.2,A
9.75,5.0,5.0,5.0,10,40,,,,,,,,,,,,,,0.0,0.0,0.0,30.0,5.0,30.0,30,5.0,5,5,5,5,5,5,5,5,5,195.0,86.67,219.75,87.9,B
10.0,5.0,5.0,0.0,10,0,,,,,,10.0,10.0,,10.0,,,,,15.0,15.0,30.0,30.0,5.0,30.0,30,5.0,5,5,5,5,5,5,4,5,5,184.0,81.78,204.0,81.6,B
10.0,5.0,5.0,5.0,0,40,,,10.0,10.0,,,,,,,10.0,,,15.0,15.0,30.0,30.0,5.0,30.0,30,4.67,5,5,5,5,5,5,5,5,5,214.67,95.41,239.67,95.87,A
9.75,5.0,5.0,5.0,0,40,,10.0,,10.0,,,,5.0,,,,,5.0,15.0,15.0,30.0,30.0,5.0,0.0,30,5.0,5,5,5,5,5,5,5,5,5,185.0,82.22,209.75,83.9,B
10.0,5.0,5.0,5.0,10,40,,20.0,10.0,,,,,,,,,,,15.0,15.0,30.0,30.0,5.0,30.0,30,5.0,5,5,5,5,5,5,5,4,5,224.0,99.56,249.0,99.6,A
10.0,5.0,5.0,5.0,10,40,,5.0,,,,15.0,10.0,,,,,,,15.0,15.0,30.0,30.0,5.0,30.0,30,5.0,5,5,5,5,5,5,5,5,5,225.0,100.0,250.0,100.0,A
9.5,5.0,5.0,5.0,0,40,,,,,,10.0,5.0,,,,,10.0,5.0,15.0,15.0,30.0,30.0,5.0,30.0,30,5.0,5,5,5,5,5,4,5,5,5,214.0,95.11,238.5,95.4,A
10.0,5.0,5.0,5.0,10,30,,,10.0,,20.0,,,,,,,,,15.0,15.0,30.0,0.0,5.0,0.0,30,5.0,5,5,5,5,5,5,5,5,5,155.0,68.89,180.0,72.0,C
10.0,5.0,5.0,5.0,10,0,10.0,5.0,,,,,,,,,,,,15.0,0.0,15.0,30.0,5.0,0.0,30,5.0,5,5,5,5,5,5,5,5,5,140.0,62.22,165.0,66.0,D
10.0,5.0,5.0,5.0,10,0,,,10.0,10.0,,,,,,,10.0,,,15.0,15.0,30.0,30.0,5.0,18.0,30,4.0,5,5,4,5,5,5,5,5,5,171.0,76.0,196.0,78.4,C+
7.75,5.0,5.0,5.0,10,0,,,,,10.0,,5.0,,,,,,20.0,15.0,15.0,30.0,30.0,5.0,30.0,30,0.0,5,5,4,5,5,5,5,5,5,179.0,79.56,201.75,80.7,B
10.0,5.0,5.0,5.0,10,40,,10.0,10.0,10.0,,,,,,,,,,15.0,15.0,30.0,30.0,5.0,30.0,30,5.0,5,5,5,5,5,5,5,5,5,225.0,100.0,250.0,100.0,A
9.88,5.0,5.0,5.0,0,40,,,,5.0,5.0,,5.0,,,5.0,10.0,,,15.0,15.0,30.0,22.5,5.0,30.0,30,5.0,4,5,5,5,5,4,5,5,5,205.5,91.33,230.38,92.15,A
9.81,5.0,5.0,5.0,10,40,,,,,10.0,10.0,,,10.0,,,,,15.0,15.0,30.0,30.0,5.0,30.0,30,5.0,5,5,5,5,5,5,5,5,0,220.0,97.78,244.81,97.93,A
9.63,5.0,5.0,0.0,10,0,,,,,,,,,,10.0,,,,0.0,0.0,0.0,30.0,5.0,30.0,30,5.0,5,5,5,5,5,5,5,5,5,155.0,68.89,174.63,69.85,D+
10.0,5.0,5.0,5.0,10,0,,,,,10.0,20.0,,,,,,,,15.0,15.0,30.0,30.0,5.0,30.0,30,5.0,4,5,5,5,5,5,5,5,5,184.0,81.78,209.0,83.6,B
9.63,5.0,5.0,5.0,10,40,,,,,,,5.0,,,10.0,,10.0,,0.0,15.0,15.0,30.0,0.0,18.0,30,3.67,5,5,4,5,5,5,5,5,5,190.67,84.74,215.29,86.12,B
9.88,5.0,5.0,5.0,10,40,,5.0,,10.0,,,,,,,,,,15.0,0.0,15.0,30.0,5.0,0.0,30,4.0,5,5,5,5,4,5,5,5,5,178.0,79.11,202.88,81.15,B
10.0,5.0,5.0,5.0,10,40,,30.0,,,,,,,,,,,,15.0,15.0,30.0,30.0,5.0,30.0,30,5.0,5,5,5,5,5,4,5,4,5,223.0,99.11,248.0,99.2,A
9.63,5.0,5.0,5.0,10,40,,,,,20.0,,,,,,10.0,,,15.0,15.0,30.0,30.0,0.0,30.0,30,5.0,5,5,5,5,5,5,5,5,5,220.0,97.78,244.63,97.85,A
9.69,5.0,5.0,5.0,10,40,,,,,5.0,15.0,,,,,,,10.0,15.0,15.0,30.0,30.0,5.0,30.0,30,5.0,3,5,5,5,5,5,5,5,5,223.0,99.11,247.69,99.08,A
10.0,5.0,5.0,5.0,10,40,,,,,10.0,5.0,,,,10.0,,,5.0,15.0,15.0,30.0,30.0,0.0,30.0,30,5.0,5,5,5,5,5,5,5,5,5,220.0,97.78,245.0,98.0,A
10.0,5.0,5.0,5.0,0,40,10.0,,,,,5.0,5.0,5.0,5.0,5.0,,,,15.0,15.0,30.0,30.0,5.0,30.0,30,5.0,5,5,5,5,5,5,0,5,5,210.0,93.33,235.0,94.0,A
9.5,5.0,5.0,5.0,10,40,,,,,,5.0,,,,,20.0,,,0.0,15.0,15.0,15.0,5.0,0.0,30,5.0,5,5,5,5,5,5,5,5,5,165.0,73.33,189.5,75.8,C
10.0,5.0,5.0,5.0,0,40,,,,10.0,,10.0,,,,,,,10.0,15.0,15.0,30.0,30.0,5.0,30.0,30,5.0,5,5,5,5,5,5,5,5,5,215.0,95.56,240.0,96.0,A
10.0,5.0,5.0,5.0,0,40,,,,,0.0,5.0,10.0,,,,10.0,5.0,,15.0,15.0,30.0,30.0,5.0,30.0,30,5.0,5,5,5,5,5,5,5,5,5,215.0,95.56,240.0,96.0,A
7.88,5.0,3.75,0.0,10,40,,,20.0,,,,,,,,,,10.0,15.0,15.0,30.0,22.5,5.0,22.5,30,5.0,5,0,5,5,5,5,5,0,5,200.0,88.89,216.63,86.65,B
10.0,5.0,5.0,5.0,10,40,,,15.0,,,,,,10.0,,,,,15.0,15.0,30.0,30.0,0.0,30.0,30,5.0,5,5,5,5,5,5,5,0,5,215.0,95.56,240.0,96.0,A
10.0,5.0,5.0,5.0,0,40,,10.0,,,10.0,10.0,,,,,,,,15.0,15.0,30.0,30.0,5.0,30.0,30,4.0,5,5,5,5,5,5,5,5,5,214.0,95.11,239.0,95.6,A
10.0,0.0,0.0,0.0,0,0,,,,,,,,,,,,,,0.0,0.0,0.0,0.0,0.0,0.0,0,5.0,4,5,0,5,5,5,0,4,0,33.0,14.67,43.0,17.2,F
9.63,5.0,5.0,5.0,10,40,,,,30.0,,,,,,,,,,15.0,15.0,30.0,30.0,5.0,29.0,30,5.0,5,5,5,5,5,5,5,3,5,222.0,98.67,246.63,98.65,A
9.56,5.0,5.0,5.0,10,40,,,,,,,,,,,,,20.0,0.0,15.0,15.0,30.0,5.0,30.0,30,5.0,5,5,4,5,5,4,5,5,5,208.0,92.44,232.56,93.03,A
10.0,5.0,5.0,5.0,10,40,,,10.0,,,10.0,10.0,,,,,,,15.0,15.0,30.0,30.0,0.0,30.0,30,5.0,5,5,5,5,5,5,5,5,5,220.0,97.78,245.0,98.0,A
9.88,5.0,5.0,5.0,0,40,,10.0,10.0,,,,,,,,10.0,,,15.0,15.0,30.0,30.0,5.0,30.0,30,5.0,5,5,5,5,5,0,5,5,0,205.0,91.11,229.88,91.95,A
10.0,5.0,5.0,5.0,10,40,,,5.0,5.0,10.0,,5.0,,5.0,,,,,15.0,15.0,30.0,30.0,5.0,30.0,30,5.0,5,5,5,5,5,5,5,5,5,225.0,100.0,250.0,100.0,A
9.38,5.0,5.0,5.0,10,30,,,,,,10.0,10.0,,,,,,10.0,15.0,15.0,30.0,30.0,5.0,29.0,30,5.0,5,5,5,5,5,4,5,5,5,213.0,94.67,237.38,94.95,A
9.44,5.0,5.0,0.0,0,0,,,,,10.0,5.0,,,,,,,15.0,15.0,15.0,30.0,30.0,5.0,30.0,30,4.33,5,5,5,5,5,5,0,5,5,169.33,75.26,188.77,75.51,C
9.75,5.0,5.0,5.0,10,40,,10.0,,5.0,,10.0,5.0,,,,,,,15.0,15.0,30.0,30.0,5.0,30.0,30,5.0,5,5,5,5,5,5,4,5,5,224.0,99.56,248.75,99.5,A
10.0,5.0,5.0,5.0,10,40,,,,,,,20.0,,,10.0,,,,15.0,15.0,30.0,30.0,0.0,18.0,30,5.0,4,5,5,5,4,5,5,5,5,206.0,91.56,231.0,92.4,A
9.75,5.0,5.0,0.0,0,0,,,,,,,15.0,,,,,20.0,,15.0,15.0,30.0,30.0,5.0,30.0,30,5.0,5,5,5,0,5,5,5,5,5,170.0,75.56,189.75,75.9,C
9.81,5.0,5.0,0.0,10,40,,,,,,,,,,,,,30.0,0.0,15.0,30.0,30.0,5.0,30.0,30,5.0,5,5,5,5,5,5,5,5,5,225.0,100.0,244.81,97.93,A
9.75,3.75,5.0,0.0,10,10,,,,,,,30.0,,,,,,,15.0,15.0,30.0,30.0,5.0,29.0,30,4.0,5,5,5,5,5,4,4,5,5,191.0,84.89,209.5,83.8,B
9.63,5.0,5.0,5.0,10,40,,,,,,15.0,,,,,,,20.0,15.0,15.0,30.0,30.0,5.0,30.0,30,4.67,5,5,5,5,5,5,5,5,5,224.67,99.85,249.29,99.72,A
9.63,5.0,5.0,5.0,10,40,,10.0,,,,10.0,,,5.0,5.0,,,,15.0,15.0,30.0,30.0,5.0,30.0,30,5.0,5,5,5,5,5,5,5,5,5,225.0,100.0,249.63,99.85,A
9.75,1.25,5.0,0.0,0,0,,,,,5.0,,10.0,,,,,,15.0,15.0,15.0,30.0,30.0,0.0,0.0,0,5.0,5,5,5,5,5,4,4,5,5,108.0,48.0,124.0,49.6,F
10.0,5.0,5.0,5.0,10,40,,10.0,,,,10.0,,,,,,10.0,,15.0,15.0,30.0,30.0,5.0,30.0,30,5.0,5,5,5,5,5,5,5,5,3,223.0,99.11,248.0,99.2,A
10.0,5.0,5.0,5.0,10,40,,30.0,,,,,,,,,,,,15.0,15.0,30.0,30.0,5.0,30.0,30,5.0,5,5,5,5,5,5,5,5,5,225.0,100.0,250.0,100.0,A
10.0,5.0,2.5,5.0,10,40,,,,,,,15.0,,,,,,15.0,15.0,15.0,30.0,30.0,5.0,0.0,30,5.0,5,5,5,5,5,5,5,4,5,194.0,86.22,216.5,86.6,B
10.0,5.0,5.0,5.0,10,40,,,,,,20.0,,,,,,,10.0,15.0,15.0,30.0,30.0,5.0,0.0,30,4.67,5,5,5,5,5,5,5,5,5,194.67,86.52,219.67,87.87,B
9.75,5.0,5.0,5.0,10,40,,,,10.0,10.0,10.0,,,,,,,,15.0,15.0,30.0,30.0,0.0,0.0,30,4.67,5,5,5,5,5,5,5,5,5,189.67,84.3,214.42,85.77,B
10.0,5.0,5.0,3.75,0,40,,,,,,10.0,5.0,,,,,,15.0,15.0,15.0,30.0,22.5,0.0,22.5,30,5.0,5,5,5,5,5,5,5,5,5,195.0,86.67,218.75,87.5,B
9.75,3.75,5.0,0.0,10,0,,,,,,,,,,,,,,0.0,0.0,0.0,30.0,0.0,0.0,0,5.0,4,5,5,0,0,0,0,5,0,64.0,28.44,82.5,33.0,F
9.94,5.0,5.0,5.0,10,0,,,10.0,,,10.0,,,,,10.0,,,15.0,15.0,30.0,24.0,5.0,18.0,30,5.0,5,5,5,5,5,4,5,5,5,166.0,73.78,190.94,76.38,C
9.38,5.0,5.0,5.0,10,40,,,,,15.0,,,,,,,,,15.0,0.0,15.0,30.0,5.0,30.0,30,5.0,5,5,5,5,5,5,5,4,5,209.0,92.89,233.38,93.35,A
10.0,5.0,5.0,5.0,10,40,,,10.0,,,10.0,10.0,,,,,,,15.0,15.0,30.0,30.0,5.0,30.0,30,5.0,5,5,5,5,5,4,5,5,5,224.0,99.56,249.0,99.6,A
10.0,5.0,5.0,5.0,10,40,,10.0,5.0,,5.0,5.0,5.0,,,,,,,15.0,15.0,30.0,30.0,5.0,0.0,30,5.0,5,5,5,5,5,5,5,5,5,195.0,86.67,220.0,88.0,B+
9.89,5.0,5.0,5.0,10,0,,,,,,,15.0,,,,,,15.0,15.0,15.0,30.0,30.0,5.0,30.0,0,5.0,5,5,5,5,5,5,5,5,5,155.0,68.89,179.89,71.96,C
10.0,5.0,5.0,0.0,0,0,,,,,,,,,,,,,,0.0,0.0,0.0,15.0,5.0,30.0,0,4.0,5,5,5,5,5,5,5,5,0,94.0,41.78,114.0,45.6,F
10.0,3.75,5.0,5.0,10,40,,,10.0,,,,,,,,,,,15.0,15.0,30.0,22.5,5.0,30.0,30,5.0,5,5,5,5,5,5,5,5,5,217.5,96.67,241.25,96.5,A
10.0,5.0,5.0,5.0,0,40,,,,,,20.0,,,,,,,10.0,15.0,15.0,30.0,30.0,5.0,30.0,30,5.0,5,5,5,5,5,5,5,5,5,215.0,95.56,240.0,96.0,A
10.0,5.0,5.0,5.0,10,40,,,,,,,15.0,,,,,,20.0,15.0,15.0,30.0,30.0,5.0,30.0,30,5.0,5,5,5,4,4,5,5,3,5,221.0,98.22,246.0,98.4,A
9.81,5.0,5.0,5.0,10,40,,10.0,,,,,10.0,,,,,10.0,,15.0,15.0,30.0,30.0,5.0,0.0,30,5.0,5,5,5,5,5,5,5,5,5,195.0,86.67,219.81,87.93,B
10.0,5.0,5.0,0.0,10,40,,10.0,,5.0,,,,,,10.0,5.0,,,15.0,15.0,30.0,30.0,5.0,30.0,30,5.0,5,5,5,5,5,5,5,5,5,225.0,100.0,245.0,98.0,A
9.25,5.0,5.0,5.0,10,40,,,,,,,30.0,,,,,,,15.0,15.0,30.0,30.0,5.0,30.0,30,5.0,5,5,0,4,0,4,5,0,5,208.0,92.44,232.25,92.9,A
10.0,5.0,5.0,5.0,10,40,,,,,10.0,,10.0,,,,,,10.0,15.0,15.0,30.0,30.0,5.0,0.0,30,5.0,5,5,5,5,5,5,5,3,5,193.0,85.78,218.0,87.2,B
10.0,5.0,5.0,5.0,10,40,,,,,,10.0,5.0,,20.0,,,,,15.0,15.0,30.0,30.0,5.0,30.0,30,5.0,5,5,5,5,5,5,5,5,5,225.0,100.0,250.0,100.0,A
9.5,5.0,5.0,5.0,0,40,,,10.0,,,,5.0,,,,,15.0,,15.0,15.0,30.0,30.0,5.0,30.0,0,5.0,5,5,5,5,5,4,5,5,5,184.0,81.78,208.5,83.4,B
10.0,5.0,5.0,5.0,10,40,,10.0,,,10.0,,,,,,,10.0,,15.0,15.0,30.0,30.0,0.0,30.0,30,5.0,5,5,5,5,5,5,5,4,5,219.0,97.33,244.0,97.6,A
9.75,5.0,5.0,5.0,10,40,,,10.0,10.0,,,10.0,,,,,,,15.0,15.0,30.0,30.0,5.0,30.0,30,5.0,5,5,5,5,5,5,5,5,5,225.0,100.0,249.75,99.9,A
10.0,5.0,5.0,5.0,10,30,,10.0,,,5.0,5.0,5.0,5.0,,,,,,15.0,15.0,30.0,30.0,5.0,30.0,30,5.0,5,5,4,5,5,5,5,5,4,213.0,94.67,238.0,95.2,A
9.5,5.0,5.0,5.0,10,40,,,20.0,10.0,,,,,,,,,,15.0,15.0,30.0,22.5,5.0,22.5,30,5.0,4,5,5,5,5,5,5,5,5,209.0,92.89,233.5,93.4,A
10.0,5.0,5.0,5.0,10,40,10.0,,,,5.0,5.0,5.0,,5.0,,,,,15.0,15.0,30.0,30.0,5.0,30.0,30,5.0,5,5,5,5,5,5,5,5,5,225.0,100.0,250.0,100.0,A
6.44,5.0,5.0,5.0,0,0,,,,,,20.0,,,,,,,10.0,15.0,15.0,30.0,30.0,5.0,29.0,30,0.0,2,5,5,5,5,5,5,5,5,166.0,73.78,187.44,74.98,C
9.75,5.0,5.0,5.0,10,40,,30.0,,,,,,,,,,,,15.0,15.0,30.0,30.0,5.0,0.0,30,5.0,5,5,5,5,5,5,5,4,5,194.0,86.22,218.75,87.5,B
9.19,5.0,5.0,5.0,10,40,,,,,,10.0,5.0,,,,15.0,,,15.0,15.0,30.0,30.0,5.0,30.0,30,5.0,4,5,5,5,5,5,5,4,5,223.0,99.11,247.19,98.88,A
10.0,5.0,5.0,5.0,10,40,,,10.0,,20.0,,,,,,,,,15.0,15.0,30.0,30.0,5.0,30.0,30,5.0,5,5,0,5,5,5,5,4,5,219.0,97.33,244.0,97.6,A
10.0,5.0,5.0,0.0,10,0,,,5.0,5.0,5.0,,,,,,,,15.0,15.0,15.0,30.0,30.0,5.0,30.0,30,5.0,5,5,5,5,5,4,5,5,5,184.0,81.78,204.0,81.6,B
10.0,5.0,5.0,5.0,10,40,,,,,,10.0,20.0,,,,,,,15.0,15.0,30.0,30.0,5.0,30.0,30,5.0,5,5,5,5,5,4,5,5,5,224.0,99.56,249.0,99.6,A
10.0,5.0,5.0,5.0,10,40,,,5.0,5.0,5.0,5.0,,10.0,,,,,,15.0,15.0,30.0,30.0,5.0,30.0,30,5.0,5,5,5,5,5,5,5,5,5,225.0,100.0,250.0,100.0,A
10.0,5.0,5.0,5.0,0,0,,,,,10.0,5.0,,,,,,,15.0,15.0,15.0,30.0,30.0,5.0,30.0,30,5.0,5,5,5,5,5,4,5,5,5,174.0,77.33,199.0,79.6,C+
9.94,5.0,5.0,5.0,0,20,,,,,,10.0,10.0,,10.0,,,,,15.0,15.0,30.0,30.0,5.0,30.0,0,5.0,5,5,5,5,5,5,5,5,5,165.0,73.33,189.94,75.98,C
9.69,5.0,5.0,5.0,10,40,,5.0,10.0,5.0,10.0,,,,,,,,,15.0,15.0,30.0,30.0,5.0,30.0,30,5.0,5,5,5,5,5,5,4,5,5,224.0,99.56,248.69,99.48,A
10.0,1.25,5.0,5.0,10,40,,,,,,,15.0,,,,,,15.0,15.0,15.0,30.0,30.0,5.0,30.0,30,5.0,5,5,5,5,5,5,5,5,5,225.0,100.0,246.25,98.5,A
10.0,5.0,5.0,5.0,10,40,,10.0,,,,5.0,,,,10.0,,5.0,,15.0,15.0,30.0,30.0,5.0,30.0,30,5.0,5,5,5,5,5,5,5,5,5,225.0,100.0,250.0,100.0,A
10.0,5.0,5.0,5.0,10,40,,,5.0,5.0,10.0,,,,,,,10.0,,15.0,15.0,30.0,30.0,5.0,30.0,30,5.0,5,5,5,5,5,5,5,5,5,225.0,100.0,250.0,100.0,A
10.0,5.0,5.0,0.0,10,30,,10.0,,,,5.0,,,5.0,,,,20.0,15.0,15.0,30.0,30.0,5.0,30.0,30,5.0,5,5,5,5,5,5,5,5,0,210.0,93.33,230.0,92.0,A
10.0,5.0,5.0,5.0,10,40,,10.0,10.0,,,,,,,,,10.0,,15.0,15.0,30.0,30.0,5.0,30.0,30,5.0,5,5,5,5,5,5,5,5,5,225.0,100.0,250.0,100.0,A
10.0,5.0,5.0,0.0,10,40,,,,10.0,10.0,,,,10.0,,,,,15.0,15.0,30.0,30.0,5.0,30.0,30,5.0,5,5,5,5,5,5,5,5,5,225.0,100.0,245.0,98.0,A
9.75,5.0,5.0,5.0,10,40,,10.0,,,,,5.0,,,,,,,15.0,0.0,15.0,30.0,5.0,30.0,30,5.0,5,5,5,5,5,4,5,5,5,209.0,92.89,233.75,93.5,A
9.69,5.0,5.0,5.0,0,40,,,,,,20.0,,,,,,,10.0,15.0,15.0,30.0,30.0,5.0,15.0,30,5.0,5,5,0,5,5,2,5,4,4,190.0,84.44,214.69,85.88,B
10.0,5.0,5.0,5.0,10,33,,,,,,15.0,,,,,,,10.0,15.0,0.0,15.0,30.0,0.0,30.0,30,5.0,5,5,5,5,5,5,5,5,5,198.0,88.0,223.0,89.2,B+
9.63,5.0,5.0,5.0,10,40,,,,,,,10.0,,20.0,,,,,0.0,15.0,15.0,30.0,5.0,30.0,30,5.0,5,5,5,5,5,5,5,5,5,210.0,93.33,234.63,93.85,A
9.25,5.0,5.0,5.0,10,40,10.0,,,,5.0,,,,5.0,10.0,,,,15.0,15.0,30.0,30.0,5.0,29.0,30,5.0,5,5,5,5,5,5,4,5,5,223.0,99.11,247.25,98.9,A
9.75,5.0,5.0,5.0,10,40,,0.0,,,,,,,,,,,,0.0,0.0,0.0,30.0,5.0,30.0,30,5.0,5,5,5,5,5,5,5,5,5,195.0,86.67,219.75,87.9,B
10.0,0.0,5.0,5.0,10,40,,,10.0,,10.0,,,,,,,,10.0,15.0,15.0,30.0,30.0,5.0,30.0,30,5.0,5,5,5,5,5,5,5,4,5,224.0,99.56,244.0,97.6,A
10.0,5.0,5.0,5.0,10,40,,,,,,10.0,0.0,5.0,,,,,,0.0,0.0,0.0,30.0,5.0,30.0,30,5.0,5,5,5,5,4,4,5,5,5,193.0,85.78,218.0,87.2,B
10.0,5.0,5.0,5.0,10,0,,,10.0,,,10.0,,,,,10.0,,,15.0,15.0,30.0,30.0,5.0,30.0,30,5.0,5,5,5,5,5,5,5,5,5,185.0,82.22,210.0,84.0,B
0.0,5.0,5.0,5.0,10,0,,,,10.0,,,5.0,,,,,,,15.0,0.0,15.0,30.0,5.0,30.0,30,4.0,5,5,5,5,5,0,5,5,5,164.0,72.89,179.0,71.6,C
10.0,5.0,5.0,5.0,10,40,,,10.0,10.0,,,,,,10.0,,,,15.0,15.0,30.0,30.0,5.0,30.0,30,5.0,5,5,5,5,5,5,5,5,5,225.0,100.0,250.0,100.0,A
10.0,5.0,5.0,5.0,10,40,,,10.0,,,10.0,,,,,,,10.0,15.0,15.0,30.0,30.0,5.0,30.0,30,4.67,5,5,5,5,5,5,5,5,5,224.67,99.85,249.67,99.87,A
10.0,5.0,0.0,5.0,10,40,,,,,,,5.0,,,,,,15.0,0.0,15.0,15.0,30.0,5.0,30.0,30,5.0,5,5,5,5,5,4,5,5,5,209.0,92.89,229.0,91.6,A
10.0,5.0,5.0,5.0,10,40,,,,,,,0.0,,,,,,,0.0,0.0,0.0,30.0,5.0,30.0,30,5.0,5,5,5,5,5,5,5,5,5,195.0,86.67,220.0,88.0,B+
10.0,5.0,5.0,5.0,10,40,,,20.0,,10.0,,,,,,,,,15.0,15.0,30.0,30.0,5.0,30.0,30,5.0,5,5,5,5,5,5,5,4,5,224.0,99.56,249.0,99.6,A
10.0,5.0,0.0,0.0,10,40,,0.0,,,,,,,,,,,,0.0,0.0,0.0,22.5,5.0,0.0,30,5.0,5,5,5,5,5,5,5,5,5,157.5,70.0,172.5,69.0,D+
10.0,5.0,0.0,5.0,10,40,,,,,,20.0,,,10.0,,,,,15.0,15.0,30.0,30.0,0.0,30.0,30,5.0,5,5,5,5,5,5,5,5,5,220.0,97.78,240.0,96.0,A
8.88,0.0,0.0,0.0,0,0,,,,,,,,,,,,,,0.0,0.0,0.0,0.0,0.0,0.0,0,4.0,5,0,5,5,5,5,5,0,0,34.0,15.11,42.88,17.15,F
10.0,5.0,5.0,3.75,10,0,,10.0,,,5.0,,,,,5.0,,,10.0,15.0,15.0,30.0,30.0,5.0,30.0,30,5.0,5,5,5,5,4,5,4,2,5,180.0,80.0,203.75,81.5,B
10.0,5.0,5.0,5.0,10,40,,,,,5.0,5.0,5.0,5.0,10.0,,,,,15.0,15.0,30.0,30.0,5.0,22.5,30,5.0,5,5,5,5,5,4,5,5,5,216.5,96.22,241.5,96.6,A
10.0,5.0,5.0,5.0,10,40,,,,10.0,10.0,10.0,,,,,,,,15.0,15.0,30.0,30.0,5.0,30.0,30,5.0,5,5,5,5,5,5,5,5,5,225.0,100.0,250.0,100.0,A
9.94,5.0,5.0,5.0,10,40,,,,,15.0,,,,,,,,15.0,15.0,15.0,30.0,22.5,5.0,29.0,30,5.0,5,5,5,5,5,5,5,0,5,211.5,94.0,236.44,94.58,A
9.75,5.0,0.0,5.0,0,0,,,,5.0,,,10.0,,,,,10.0,5.0,15.0,15.0,30.0,30.0,5.0,30.0,30,0.0,5,5,5,5,5,4,5,1,5,165.0,73.33,184.75,73.9,C
10.0,5.0,5.0,5.0,10,40,,10.0,5.0,,,5.0,,,,,,10.0,,15.0,15.0,30.0,30.0,5.0,30.0,30,5.0,5,5,5,5,5,5,5,5,5,225.0,100.0,250.0,100.0,A
10.0,5.0,5.0,5.0,10,40,,5.0,,,,,10.0,,,,,,20.0,15.0,15.0,30.0,30.0,5.0,30.0,30,5.0,5,5,5,5,5,5,5,5,5,225.0,100.0,250.0,100.0,A
9.5,5.0,5.0,5.0,10,40,,15.0,,,,,,5.0,,5.0,,,5.0,15.0,15.0,30.0,30.0,5.0,30.0,30,5.0,5,5,5,5,4,5,5,4,5,223.0,99.11,247.5,99.0,A
10.0,5.0,5.0,5.0,10,40,,,,,5.0,10.0,10.0,,,,,5.0,,15.0,15.0,30.0,30.0,3.75,30.0,30,5.0,5,5,4,5,5,5,5,4,5,221.75,98.56,246.75,98.7,A
9.94,5.0,5.0,5.0,10,40,,,,,,30.0,,,,,,,,15.0,15.0,30.0,30.0,5.0,18.0,30,5.0,5,5,5,5,5,5,5,5,5,213.0,94.67,237.94,95.18,A
10.0,5.0,5.0,5.0,10,40,10.0,,5.0,,,,,,,,,,15.0,15.0,15.0,30.0,30.0,5.0,30.0,30,5.0,5,5,5,5,5,5,5,5,5,225.0,100.0,250.0,100.0,A
10.0,5.0,5.0,5.0,10,40,,,,,20.0,10.0,,,,,,,,15.0,15.0,30.0,30.0,5.0,30.0,30,5.0,4,5,5,5,5,5,5,5,5,224.0,99.56,249.0,99.6,A
9.94,5.0,0.0,0.0,10,0,,,,,,,,,,,,,,0.0,0.0,0.0,0.0,0.0,30.0,30,5.0,5,5,5,4,4,5,4,4,0,111.0,49.33,125.94,50.38,F
10.0,5.0,5.0,5.0,0,40,,,,,,,10.0,,,,10.0,,10.0,0.0,15.0,15.0,30.0,5.0,30.0,0,5.0,0,5,5,5,5,4,0,5,5,159.0,70.67,184.0,73.6,C
9.5,5.0,5.0,0.0,10,40,,,,,,,,,,,10.0,,5.0,0.0,15.0,15.0,30.0,0.0,29.0,30,4.0,5,5,5,5,5,5,5,5,5,203.0,90.22,222.5,89.0,B+
8.13,0.0,0.0,5.0,10,30,,,,,,,15.0,,,,,,15.0,15.0,15.0,30.0,30.0,5.0,0.0,0,5.0,5,5,5,5,0,5,0,0,5,140.0,62.22,153.13,61.25,D
10.0,5.0,5.0,5.0,10,40,,,,,,,15.0,5.0,10.0,,,,,15.0,15.0,30.0,30.0,5.0,30.0,30,5.0,5,5,5,5,5,4,5,5,5,224.0,99.56,249.0,99.6,A
9.81,5.0,5.0,5.0,0,40,,10.0,5.0,,15.0,,,,,,,,,15.0,15.0,30.0,30.0,5.0,29.0,30,5.0,5,5,5,5,4,5,5,5,5,213.0,94.67,237.81,95.13,A
10.0,5.0,5.0,0.0,10,40,,,,20.0,,,,,,,,10.0,,15.0,15.0,30.0,30.0,0.0,30.0,30,5.0,5,5,5,5,5,5,5,5,5,220.0,97.78,240.0,96.0,A
9.75,5.0,5.0,5.0,10,40,,10.0,10.0,,,,,,10.0,,,,,15.0,15.0,30.0,30.0,5.0,30.0,30,4.0,5,5,5,5,5,5,5,4,5,223.0,99.11,247.75,99.1,A
10.0,5.0,3.75,5.0,10,40,,,5.0,,,,15.0,,5.0,5.0,,,,15.0,15.0,30.0,22.5,5.0,22.5,30,4.0,5,5,5,5,5,4,5,5,5,208.0,92.44,231.75,92.7,A
10.0,5.0,5.0,5.0,10,40,,,,0.0,,10.0,10.0,,,10.0,,,,15.0,15.0,30.0,30.0,5.0,30.0,30,5.0,5,5,5,5,5,5,5,5,5,225.0,100.0,250.0,100.0,A
9.75,5.0,5.0,0.0,10,36,,,20.0,,,,10.0,,,,,,,15.0,15.0,30.0,30.0,5.0,30.0,30,5.0,5,5,5,5,5,5,5,5,5,221.0,98.22,240.75,96.3,A
9.38,5.0,5.0,5.0,10,40,,,,,,,5.0,,,,,,,0.0,0.0,0.0,30.0,5.0,30.0,30,4.67,5,5,5,5,5,5,0,5,5,189.67,84.3,214.04,85.62,B
10.0,5.0,5.0,5.0,10,40,,,,,,10.0,10.0,,,,,,10.0,15.0,15.0,30.0,30.0,5.0,30.0,30,5.0,5,5,5,5,5,5,5,5,5,225.0,100.0,250.0,100.0,A
0.0,5.0,5.0,5.0,10,0,,,10.0,10.0,10.0,5.0,,,,,,,,15.0,15.0,30.0,30.0,5.0,30.0,30,4.67,5,5,5,5,5,5,5,5,0,179.67,79.85,194.67,77.87,C
9.75,5.0,5.0,0.0,10,40,,,,,,,5.0,,,,,,10.0,0.0,0.0,0.0,30.0,0.0,0.0,30,4.67,5,5,5,5,5,5,4,5,5,158.67,70.52,178.42,71.37,C
9.5,5.0,5.0,5.0,10,40,,10.0,10.0,,,,,,10.0,,,,,15.0,15.0,30.0,30.0,5.0,30.0,30,5.0,5,5,5,5,5,5,4,5,5,224.0,99.56,248.5,99.4,A
10.0,5.0,5.0,0.0,10,40,,,,10.0,,,10.0,,10.0,,,,,15.0,15.0,30.0,30.0,5.0,30.0,30,4.0,5,5,5,5,5,5,5,5,5,224.0,99.56,244.0,97.6,A
9.19,5.0,5.0,5.0,10,40,,,,,5.0,5.0,5.0,,,10.0,10.0,,,15.0,15.0,30.0,30.0,5.0,30.0,30,5.0,5,5,5,4,5,5,5,4,5,223.0,99.11,247.19,98.88,A
10.0,5.0,5.0,5.0,10,40,,,,,5.0,,5.0,,,,5.0,,5.0,0.0,0.0,0.0,30.0,5.0,30.0,30,5.0,5,5,5,5,5,5,5,5,5,195.0,86.67,220.0,88.0,B+
7.69,5.0,5.0,5.0,10,40,,,,,,,15.0,,,,,,,15.0,0.0,15.0,30.0,5.0,29.0,30,5.0,5,5,5,5,5,4,5,5,5,208.0,92.44,230.69,92.28,A
10.0,5.0,5.0,5.0,10,40,,10.0,,,,5.0,,,10.0,5.0,,,,15.0,15.0,30.0,30.0,5.0,30.0,30,5.0,5,5,5,5,5,4,5,5,5,224.0,99.56,249.0,99.6,A
9.81,5.0,5.0,5.0,10,40,,10.0,5.0,,,,,,,,,,30.0,15.0,15.0,30.0,30.0,5.0,30.0,30,5.0,5,5,5,5,5,5,5,5,5,225.0,100.0,249.81,99.93,A
10.0,5.0,5.0,5.0,10,40,,10.0,,,10.0,,,,,,,,,15.0,0.0,15.0,30.0,0.0,30.0,30,5.0,5,5,5,5,4,4,5,5,5,203.0,90.22,228.0,91.2,A
10.0,5.0,5.0,3.75,10,0,,20.0,10.0,,,,,,,,,,,15.0,15.0,30.0,30.0,5.0,30.0,30,5.0,5,5,0,5,0,5,5,5,0,170.0,75.56,193.75,77.5,C
10.0,5.0,5.0,5.0,0,40,,,,,,,,,,,,,,15.0,15.0,30.0,30.0,5.0,30.0,30,5.0,5,5,5,5,5,5,5,5,5,215.0,95.56,240.0,96.0,A
9.06,5.0,5.0,0.0,10,40,,,,,,,,,,,,,,0.0,0.0,0.0,16.0,0.0,30.0,30,5.0,5,5,5,5,5,4,5,5,5,175.0,77.78,194.06,77.63,C
10.0,5.0,5.0,0.0,10,40,10.0,,10.0,,,,,,,,,,,15.0,0.0,15.0,30.0,5.0,30.0,30,5.0,5,5,5,5,5,5,5,5,5,210.0,93.33,230.0,92.0,A
10.0,5.0,5.0,5.0,10,40,,,,,,,,,,,,,,0.0,0.0,0.0,30.0,5.0,30.0,30,5.0,5,5,5,5,5,5,4,4,5,193.0,85.78,218.0,87.2,B
9.75,5.0,5.0,5.0,0,40,,,,20.0,,,,,10.0,,,,,15.0,15.0,30.0,30.0,5.0,30.0,30,5.0,5,5,5,5,5,5,5,4,5,214.0,95.11,238.75,95.5,A
10.0,5.0,5.0,5.0,10,0,,,,5.0,5.0,,10.0,,,,,,5.0,15.0,0.0,15.0,30.0,5.0,30.0,30,5.0,4,5,5,5,5,5,5,4,5,168.0,74.67,193.0,77.2,C
9.75,5.0,5.0,0.0,10,33,,10.0,,5.0,5.0,,,,,,10.0,,,15.0,15.0,30.0,30.0,5.0,0.0,30,4.0,0,5,5,5,5,4,5,4,5,180.0,80.0,199.75,79.9,C+
10.0,5.0,5.0,5.0,10,40,,,,10.0,10.0,10.0,,,,,,,,15.0,15.0,30.0,30.0,5.0,30.0,30,5.0,5,5,5,5,5,5,5,5,5,225.0,100.0,250.0,100.0,A
10.0,5.0,5.0,0.0,10,40,,10.0,,,,10.0,,,,,10.0,,,15.0,15.0,30.0,22.0,0.0,0.0,30,5.0,5,5,5,5,5,0,0,5,5,172.0,76.44,192.0,76.8,C
9.69,5.0,5.0,5.0,10,40,,,,,,,15.0,,,,,,,15.0,0.0,15.0,30.0,5.0,30.0,30,4.0,5,5,5,5,5,0,4,5,5,203.0,90.22,227.69,91.08,A
9.5,5.0,5.0,5.0,10,40,10.0,,,,,,,,,20.0,,,10.0,0.0,15.0,15.0,0.0,5.0,30.0,30,5.0,5,5,5,5,4,4,5,3,5,176.0,78.22,200.5,80.2,B
10.0,5.0,5.0,5.0,10,40,,10.0,5.0,15.0,,,,,,,,,,15.0,15.0,30.0,30.0,5.0,30.0,30,5.0,5,5,5,5,5,5,5,5,5,225.0,100.0,250.0,100.0,A
9.25,5.0,5.0,5.0,10,40,,10.0,,,,10.0,,,,,,,10.0,15.0,15.0,30.0,30.0,5.0,30.0,30,5.0,5,5,5,5,5,4,4,5,5,223.0,99.11,247.25,98.9,A
9.19,5.0,0.0,0.0,10,30,,,,,,,15.0,,,,,,15.0,15.0,15.0,30.0,22.5,0.0,30.0,0,4.67,0,5,5,5,5,2,5,3,0,157.17,69.85,171.35,68.54,D+
9.75,5.0,5.0,5.0,10,40,,,,,,20.0,,,,10.0,,,,15.0,15.0,30.0,30.0,5.0,14.0,30,5.0,4,5,5,5,5,5,5,5,5,208.0,92.44,232.75,93.1,A
9.69,5.0,3.75,5.0,10,40,,,,,,,15.0,,,,,,20.0,15.0,15.0,30.0,30.0,5.0,18.0,30,4.67,5,5,5,5,5,5,5,4,5,211.67,94.07,235.1,94.04,A
10.0,5.0,5.0,5.0,10,40,,,,10.0,10.0,,,,10.0,,,,,15.0,15.0,30.0,30.0,5.0,30.0,30,5.0,5,5,5,5,5,4,0,5,5,219.0,97.33,244.0,97.6,A
10.0,5.0,5.0,5.0,10,40,,,,20.0,,,10.0,,,,,,,15.0,15.0,30.0,30.0,5.0,18.0,30,5.0,5,5,5,5,5,4,5,5,5,212.0,94.22,237.0,94.8,A
9.38,5.0,3.75,5.0,10,40,,,,,15.0,,,,,5.0,10.0,,,15.0,15.0,30.0,30.0,5.0,30.0,30,5.0,5,5,5,5,5,5,5,4,5,224.0,99.56,247.13,98.85,A
9.44,5.0,5.0,5.0,10,40,,10.0,,,,10.0,,,,,,,10.0,15.0,15.0,30.0,15.0,5.0,30.0,30,5.0,4,5,5,5,5,4,5,5,5,208.0,92.44,232.44,92.98,A
9.25,5.0,5.0,5.0,10,0,10.0,,,,,10.0,,,,,10.0,,,15.0,15.0,30.0,30.0,5.0,30.0,30,5.0,5,5,5,5,5,5,5,0,5,180.0,80.0,204.25,81.7,B
9.63,5.0,5.0,5.0,10,40,,,,,5.0,,10.0,,10.0,10.0,,,,15.0,15.0,30.0,30.0,5.0,30.0,30,5.0,5,5,5,5,5,5,5,5,5,225.0,100.0,249.63,99.85,A
10.0,5.0,5.0,0.0,10,40,,10.0,,,,,5.0,,,,,10.0,,15.0,0.0,15.0,30.0,5.0,30.0,30,5.0,5,5,5,5,5,5,5,5,5,210.0,93.33,230.0,92.0,A
9.25,5.0,5.0,5.0,10,40,,,,10.0,10.0,,,,,,,,10.0,15.0,15.0,30.0,30.0,5.0,30.0,30,5.0,5,5,5,5,5,5,4,5,5,224.0,99.56,248.25,99.3,A
10.0,5.0,5.0,5.0,10,40,,,,,5.0,5.0,10.0,5.0,5.0,,,,,15.0,15.0,30.0,30.0,5.0,30.0,30,5.0,4,5,5,5,5,5,5,3,5,222.0,98.67,247.0,98.8,A
10.0,5.0,5.0,5.0,10,40,10.0,,10.0,10.0,,,,,,,,,,15.0,15.0,30.0,30.0,5.0,30.0,30,5.0,5,5,5,5,5,5,5,5,5,225.0,100.0,250.0,100.0,A
9.88,5.0,5.0,5.0,0,40,,,,,0.0,30.0,,,,,,,,15.0,15.0,30.0,18.0,5.0,30.0,30,5.0,5,5,5,5,5,5,5,5,5,203.0,90.22,227.88,91.15,A
10.0,5.0,5.0,5.0,10,0,,,,,,10.0,10.0,,,,,,10.0,15.0,15.0,30.0,30.0,0.0,30.0,30,5.0,5,5,5,5,5,5,5,4,5,179.0,79.56,204.0,81.6,B
9.25,5.0,5.0,0.0,10,40,,10.0,20.0,,,,,,,,,,,15.0,15.0,30.0,30.0,5.0,30.0,30,5.0,5,5,5,5,5,5,5,4,5,224.0,99.56,243.25,97.3,A
9.95,5.0,5.0,0.0,10,40,,,,10.0,,,10.0,,,,10.0,,,15.0,15.0,30.0,0.0,0.0,30.0,30,5.0,5,5,5,5,5,5,5,5,4,189.0,84.0,208.95,83.58,B
9.75,5.0,5.0,3.75,10,40,,,,5.0,10.0,5.0,10.0,,,,,,,15.0,15.0,30.0,30.0,5.0,30.0,30,5.0,5,5,5,5,5,5,5,5,5,225.0,100.0,248.5,99.4,A
9.75,5.0,5.0,5.0,10,0,,,10.0,5.0,15.0,,,,,,,,,15.0,15.0,30.0,30.0,5.0,30.0,30,5.0,5,5,5,5,5,5,5,4,5,184.0,81.78,208.75,83.5,B
10.0,3.75,5.0,5.0,10,40,,,,,15.0,,,,,,10.0,,10.0,15.0,15.0,30.0,30.0,5.0,30.0,30,3.0,4,5,5,5,4,5,5,5,5,221.0,98.22,244.75,97.9,A
9.5,5.0,5.0,0.0,10,40,,10.0,,,,10.0,,,,10.0,,,,15.0,15.0,30.0,22.5,5.0,0.0,30,5.0,5,5,5,5,5,5,5,5,5,187.5,83.33,207.0,82.8,B
10.0,5.0,5.0,5.0,10,40,,,,,,,30.0,,,,,,,15.0,15.0,30.0,30.0,5.0,30.0,30,5.0,5,5,5,5,5,5,5,5,5,225.0,100.0,250.0,100.0,A
10.0,5.0,5.0,2.5,10,40,,10.0,,10.0,5.0,5.0,,,,,,,,15.0,15.0,30.0,30.0,5.0,30.0,30,4.67,5,5,5,5,5,4,5,5,5,223.67,99.41,246.17,98.47,A
9.13,5.0,5.0,0.0,10,30,,,10.0,,,10.0,,,10.0,,,,,15.0,15.0,30.0,0.0,5.0,30.0,30,3.67,4,5,5,5,5,3,5,3,4,177.67,78.96,196.79,78.72,C+
8.25,5.0,5.0,0.0,0,40,,,,15.0,,,,,,,,,15.0,15.0,15.0,30.0,30.0,5.0,30.0,0,5.0,5,0,5,5,5,5,5,5,5,180.0,80.0,198.25,79.3,C+
10.0,5.0,5.0,5.0,10,40,,,,20.0,,,5.0,10.0,,,,,,15.0,15.0,30.0,30.0,5.0,30.0,30,5.0,5,5,5,5,5,5,5,5,5,225.0,100.0,250.0,100.0,A
10.0,5.0,5.0,5.0,10,40,,,,,,5.0,10.0,,,,,,15.0,15.0,15.0,30.0,30.0,5.0,15.0,30,5.0,5,5,5,4,5,4,5,4,5,207.0,92.0,232.0,92.8,A
10.0,5.0,5.0,5.0,10,0,,,,,,,15.0,,,,,,15.0,15.0,15.0,30.0,30.0,5.0,30.0,30,5.0,5,5,5,5,5,5,5,5,5,185.0,82.22,210.0,84.0,B
10.0,5.0,5.0,0.0,10,30,,,,,10.0,5.0,,,,,,,15.0,15.0,15.0,30.0,30.0,5.0,0.0,30,5.0,5,5,5,5,5,5,5,5,5,185.0,82.22,205.0,82.0,B
9.64,5.0,5.0,5.0,0,40,,,20.0,,,,,,,10.0,,,,15.0,15.0,30.0,30.0,5.0,30.0,30,5.0,5,5,5,5,5,5,4,5,5,214.0,95.11,238.64,95.46,A
6.38,5.0,5.0,5.0,10,40,,10.0,,,,,10.0,,,,,,5.0,15.0,0.0,15.0,30.0,5.0,30.0,30,5.0,5,5,5,5,5,4,5,5,5,209.0,92.89,230.38,92.15,A
10.0,5.0,5.0,5.0,0,30,,,,,,,15.0,,,,,,20.0,15.0,15.0,30.0,30.0,5.0,30.0,0,5.0,5,5,5,5,5,5,5,5,5,175.0,77.78,200.0,80.0,B
10.0,5.0,5.0,5.0,0,37,,,10.0,10.0,,,,,,10.0,,,,15.0,15.0,30.0,30.0,5.0,29.0,30,5.0,5,5,5,5,5,5,5,5,5,211.0,93.78,236.0,94.4,A
10.0,5.0,5.0,0.0,10,40,,,,,10.0,10.0,,,,,10.0,,,15.0,15.0,30.0,30.0,5.0,29.0,30,5.0,5,5,5,5,5,5,5,5,5,224.0,99.56,244.0,97.6,A
10.0,5.0,5.0,5.0,0,0,,,10.0,,,20.0,,,,,,,,15.0,15.0,30.0,30.0,5.0,30.0,0,5.0,5,5,5,5,5,4,5,5,5,144.0,64.0,169.0,67.6,D
9.38,5.0,5.0,5.0,0,40,,15.0,,,5.0,,,,,,,10.0,,15.0,15.0,30.0,30.0,0.0,30.0,0,0.0,4,5,5,0,5,4,4,0,5,162.0,72.0,186.38,74.55,C
9.75,5.0,5.0,5.0,10,40,,,,,20.0,,,,,,,,10.0,15.0,15.0,30.0,30.0,5.0,30.0,30,5.0,5,5,5,5,5,5,5,5,4,224.0,99.56,248.75,99.5,A
10.0,5.0,5.0,5.0,10,40,,,,,10.0,,5.0,,,15.0,,,,15.0,15.0,30.0,30.0,5.0,30.0,30,5.0,5,5,5,5,5,5,5,5,5,225.0,100.0,250.0,100.0,A
10.0,5.0,5.0,5.0,10,40,,20.0,,,,,,,,,,,10.0,15.0,15.0,30.0,30.0,5.0,0.0,30,5.0,4,5,5,5,5,5,5,5,5,194.0,86.22,219.0,87.6,B
10.0,5.0,5.0,5.0,10,40,,,10.0,,5.0,,,,5.0,10.0,,,,15.0,15.0,30.0,30.0,5.0,30.0,30,5.0,5,5,5,5,5,5,5,5,5,225.0,100.0,250.0,100.0,A
9.75,5.0,5.0,2.5,10,40,,,,,,10.0,10.0,,,,,,10.0,15.0,15.0,30.0,30.0,5.0,18.0,30,5.0,5,5,4,5,5,5,4,5,5,211.0,93.78,233.25,93.3,A
9.5,5.0,5.0,0.0,10,40,,,,10.0,5.0,,5.0,,,5.0,,,5.0,15.0,15.0,30.0,30.0,5.0,21.5,30,5.0,5,5,5,5,5,5,5,5,5,216.5,96.22,236.0,94.4,A
9.06,5.0,5.0,5.0,10,40,,,,,,,,,,,,,30.0,15.0,15.0,30.0,30.0,5.0,30.0,30,4.67,5,5,5,5,5,5,5,5,5,224.67,99.85,248.73,99.49,A
10.0,5.0,5.0,5.0,10,40,,10.0,,10.0,10.0,,,,,,,,,15.0,15.0,30.0,30.0,5.0,30.0,30,5.0,5,5,5,5,5,4,4,5,5,223.0,99.11,248.0,99.2,A
10.0,5.0,5.0,5.0,10,40,,,30.0,,,,,,,,,,,15.0,15.0,30.0,30.0,5.0,18.0,30,5.0,5,5,5,5,5,5,5,5,5,213.0,94.67,238.0,95.2,A
10.0,5.0,5.0,5.0,10,40,,,,10.0,5.0,,,,,5.0,,10.0,,15.0,15.0,30.0,30.0,5.0,18.0,30,4.0,5,5,5,5,5,5,5,5,5,212.0,94.22,237.0,94.8,A
10.0,5.0,5.0,5.0,10,40,,,,,,,20.0,,,,,,10.0,15.0,15.0,30.0,30.0,0.0,30.0,30,5.0,5,5,5,5,5,4,5,5,5,219.0,97.33,244.0,97.6,A
9.89,5.0,5.0,0.0,10,40,,,30.0,,,,,,,,,,,15.0,15.0,30.0,30.0,5.0,30.0,30,5.0,5,5,5,5,5,5,5,5,5,225.0,100.0,244.89,97.96,A
10.0,5.0,5.0,5.0,10,40,,20.0,,,,10.0,,,,,,,,15.0,15.0,30.0,30.0,5.0,30.0,30,5.0,5,5,5,5,5,4,5,5,5,224.0,99.56,249.0,99.6,A
9.38,5.0,5.0,5.0,10,40,,,,,,,0.0,,,,,,,0.0,0.0,0.0,30.0,5.0,29.0,30,5.0,5,5,5,5,5,4,5,5,5,193.0,85.78,217.38,86.95,B
9.44,5.0,5.0,0.0,10,40,,,,,,,,,,,,,20.0,0.0,15.0,15.0,7.5,5.0,0.0,30,4.67,5,5,5,5,5,5,5,0,0,147.17,65.41,166.6,66.64,D
10.0,5.0,5.0,0.0,10,40,,,,,,,15.0,,,,20.0,,,15.0,15.0,30.0,30.0,5.0,30.0,30,4.67,5,5,5,4,5,5,5,0,5,218.67,97.19,238.67,95.47,A
10.0,5.0,5.0,5.0,10,40,,10.0,,,,10.0,10.0,,,,,,,15.0,15.0,30.0,30.0,5.0,30.0,30,5.0,5,5,5,5,5,5,5,5,5,225.0,100.0,250.0,100.0,A
9.5,5.0,0.0,5.0,10,40,,,20.0,5.0,5.0,,,,,,,,,15.0,15.0,30.0,30.0,5.0,18.0,30,5.0,5,5,5,5,5,5,5,5,4,212.0,94.22,231.5,92.6,A
10.0,5.0,5.0,5.0,10,40,,5.0,,,,,10.0,,,,,,20.0,15.0,15.0,30.0,30.0,5.0,22.5,30,5.0,5,5,5,5,5,4,5,5,5,216.5,96.22,241.5,96.6,A
10.0,5.0,5.0,0.0,10,40,,,10.0,,,10.0,,,,,10.0,,,15.0,15.0,30.0,30.0,5.0,30.0,30,5.0,5,5,5,5,5,5,5,5,5,225.0,100.0,245.0,98.0,A
10.0,5.0,5.0,5.0,10,40,,,,,,30.0,,,,,,,,15.0,15.0,30.0,30.0,5.0,21.5,30,5.0,5,5,5,5,5,5,5,5,5,216.5,96.22,241.5,96.6,A
10.0,5.0,5.0,5.0,10,40,,,5.0,15.0,,,,,,,,,5.0,15.0,0.0,15.0,22.5,5.0,29.0,30,5.0,4,5,5,5,5,5,5,5,5,200.5,89.11,225.5,90.2,A
10.0,5.0,5.0,5.0,10,40,,30.0,,,,,,,,,,,,15.0,15.0,30.0,22.5,5.0,30.0,30,5.0,4,5,5,5,0,4,5,5,5,210.5,93.56,235.5,94.2,A
10.0,5.0,5.0,5.0,0,40,,,,10.0,20.0,,,,,,,,,15.0,15.0,30.0,22.5,5.0,29.0,30,5.0,5,5,5,5,5,5,5,5,5,206.5,91.78,231.5,92.6,A
10.0,5.0,5.0,5.0,10,40,,5.0,,,,,10.0,,,,,,20.0,15.0,15.0,30.0,30.0,5.0,30.0,30,4.67,5,5,5,5,0,5,5,5,5,219.67,97.63,244.67,97.87,A
8.94,5.0,5.0,5.0,10,40,,,,,,,15.0,,,,,,20.0,15.0,15.0,30.0,0.0,0.0,30.0,0,5.0,5,5,5,5,5,4,5,5,5,159.0,70.67,182.94,73.18,C
10.0,5.0,5.0,5.0,10,0,,,,,,,,,,,,,,0.0,0.0,0.0,30.0,5.0,0.0,0,5.0,5,5,5,0,4,5,5,5,5,89.0,39.56,114.0,45.6,F
10.0,5.0,5.0,0.0,10,40,,,,,10.0,,10.0,,,,10.0,,,15.0,15.0,30.0,30.0,5.0,30.0,30,5.0,5,5,5,5,5,5,5,5,5,225.0,100.0,245.0,98.0,A
9.63,5.0,5.0,0.0,10,40,,10.0,,5.0,,,10.0,,,,5.0,,,15.0,15.0,30.0,30.0,5.0,30.0,30,5.0,0,5,5,5,5,5,0,5,5,215.0,95.56,234.63,93.85,A
9.94,5.0,5.0,5.0,10,40,,20.0,5.0,,,5.0,,,,,,,,15.0,15.0,30.0,30.0,5.0,30.0,30,5.0,5,5,4,5,5,4,5,5,5,223.0,99.11,247.94,99.18,A
10.0,5.0,0.0,0.0,0,40,,,,,,,15.0,,,,,,15.0,15.0,15.0,30.0,30.0,5.0,30.0,0,5.0,5,5,5,0,5,5,5,0,5,175.0,77.78,190.0,76.0,C
9.38,5.0,5.0,5.0,10,40,,,,,,10.0,10.0,,,10.0,,,,15.0,15.0,30.0,30.0,5.0,30.0,30,5.0,5,5,5,5,5,5,5,4,5,224.0,99.56,248.38,99.35,A
10.0,5.0,5.0,5.0,10,40,,,10.0,10.0,,,,,,10.0,,5.0,,15.0,15.0,30.0,30.0,5.0,30.0,30,5.0,5,5,5,5,5,5,5,3,5,223.0,99.11,248.0,99.2,A
10.0,0.0,5.0,5.0,10,40,,,10.0,,10.0,,,,,,,10.0,,15.0,15.0,30.0,30.0,5.0,30.0,30,4.67,5,5,5,5,5,5,5,5,5,224.67,99.85,244.67,97.87,A
10.0,5.0,5.0,0.0,10,40,,5.0,,10.0,,,10.0,,,,,,10.0,15.0,15.0,30.0,30.0,5.0,29.0,30,5.0,5,5,5,5,5,4,5,5,5,223.0,99.11,243.0,97.2,A
9.75,5.0,5.0,5.0,0,40,,,,,,,25.0,,,,,,10.0,15.0,15.0,30.0,30.0,5.0,30.0,30,5.0,5,5,5,5,5,5,5,5,5,215.0,95.56,239.75,95.9,A
9.69,5.0,5.0,0.0,0,0,,,,,,15.0,,,,,10.0,,10.0,15.0,15.0,30.0,30.0,5.0,30.0,30,0.0,5,5,5,5,5,5,5,5,5,170.0,75.56,189.69,75.88,C
10.0,5.0,5.0,5.0,10,40,,,,,,,20.0,,,,10.0,,,15.0,15.0,30.0,30.0,5.0,29.0,30,5.0,5,5,5,5,5,4,5,5,5,223.0,99.11,248.0,99.2,A
10.0,5.0,5.0,5.0,10,40,,,,,,,,,,,,,,15.0,15.0,30.0,30.0,5.0,30.0,30,5.0,5,5,5,5,5,5,5,4,5,224.0,99.56,249.0,99.6,A
9.51,0.0,5.0,5.0,10,30,,,,0.0,,15.0,,,,,,,,15.0,0.0,15.0,30.0,0.0,30.0,0,4.67,5,5,5,5,5,5,5,5,5,164.67,73.19,184.18,73.67,C
10.0,5.0,5.0,5.0,10,0,,,,5.0,,,20.0,,,,,,10.0,15.0,15.0,30.0,30.0,5.0,30.0,30,5.0,5,5,5,5,5,5,5,5,5,185.0,82.22,210.0,84.0,B
10.0,5.0,5.0,5.0,10,40,10.0,,,5.0,,,5.0,5.0,5.0,,,,,15.0,15.0,30.0,30.0,5.0,30.0,30,5.0,5,5,5,5,5,4,5,5,5,224.0,99.56,249.0,99.6,A
10.0,5.0,5.0,5.0,10,40,,,10.0,10.0,,,,,,10.0,,,,15.0,15.0,30.0,30.0,5.0,30.0,30,5.0,5,5,5,5,5,5,5,5,4,224.0,99.56,249.0,99.6,A
9.94,5.0,5.0,5.0,10,40,,,,,5.0,10.0,,5.0,,,,,10.0,15.0,15.0,30.0,30.0,5.0,30.0,30,5.0,5,5,5,5,4,5,4,5,5,223.0,99.11,247.94,99.18,A
9.81,5.0,5.0,5.0,10,40,,,,,10.0,,5.0,,10.0,10.0,,,,15.0,15.0,30.0,30.0,0.0,30.0,30,3.67,5,5,5,5,5,5,5,5,5,218.67,97.19,243.48,97.39,A
10.0,5.0,5.0,0.0,10,40,,,,,,20.0,10.0,,,,,,,15.0,15.0,30.0,30.0,5.0,30.0,30,5.0,5,5,5,5,5,4,5,5,5,224.0,99.56,244.0,97.6,A
10.0,5.0,5.0,5.0,10,40,,10.0,,5.0,,,5.0,,,,10.0,,,15.0,15.0,30.0,30.0,5.0,30.0,30,5.0,4,5,5,5,4,5,5,4,5,222.0,98.67,247.0,98.8,A
9.88,0.0,3.75,5.0,10,32,,10.0,,,,,5.0,,,,,,15.0,15.0,15.0,30.0,22.5,5.0,15.0,30,5.0,5,5,5,0,5,5,5,5,5,189.5,84.22,208.13,83.25,B
10.0,5.0,5.0,5.0,10,40,,,10.0,,,10.0,,,,,10.0,,,15.0,15.0,30.0,30.0,5.0,30.0,30,5.0,5,5,5,5,5,5,5,4,5,224.0,99.56,249.0,99.6,A
9.75,5.0,5.0,5.0,10,40,,,,,,10.0,5.0,,10.0,,,,,15.0,0.0,15.0,30.0,5.0,30.0,30,5.0,5,5,5,5,5,5,5,4,5,209.0,92.89,233.75,93.5,A
10.0,5.0,5.0,5.0,10,0,10.0,,,,10.0,10.0,,,,,,,,15.0,15.0,30.0,30.0,5.0,30.0,30,5.0,5,5,5,5,5,5,5,5,5,185.0,82.22,210.0,84.0,B
10.0,5.0,5.0,5.0,10,31,,,5.0,15.0,,5.0,5.0,,,,,,,15.0,15.0,30.0,30.0,5.0,29.0,30,5.0,5,5,5,5,5,5,5,4,5,214.0,95.11,239.0,95.6,A
10.0,5.0,5.0,5.0,10,40,,,20.0,,,,,,,10.0,,,,15.0,15.0,30.0,30.0,5.0,30.0,30,5.0,5,5,5,5,5,5,5,3,5,223.0,99.11,248.0,99.2,A
10.0,5.0,5.0,5.0,10,40,,,,,5.0,10.0,10.0,,,,,,10.0,15.0,15.0,30.0,0.0,5.0,10.5,30,5.0,5,5,5,5,5,5,5,5,5,175.5,78.0,200.5,80.2,B
9.0,5.0,0.0,3.75,10,40,,,,,,,,,,,,,,0.0,0.0,30.0,30.0,5.0,0.0,0,5.0,5,5,5,5,0,5,5,5,5,160.0,71.11,177.75,71.1,C
7.69,5.0,0.0,0.0,10,0,,,,,,,15.0,,,,,,,15.0,0.0,15.0,30.0,0.0,30.0,0,5.0,5,5,5,5,5,5,5,4,5,134.0,59.56,146.69,58.68,F
10.0,5.0,0.0,0.0,0,40,,,,,,,,,,,,,,0.0,0.0,0.0,0.0,0.0,0.0,30,4.0,5,5,0,0,0,0,0,0,5,89.0,39.56,104.0,41.6,F
9.94,5.0,0.0,5.0,10,34,,,5.0,,5.0,,5.0,,5.0,5.0,5.0,,,15.0,15.0,30.0,30.0,5.0,30.0,30,4.0,5,5,5,5,5,5,5,5,5,218.0,96.89,237.94,95.18,A
9.5,5.0,0.0,0.0,10,40,,,,5.0,,10.0,,,,,,10.0,15.0,15.0,15.0,30.0,30.0,0.0,30.0,30,5.0,5,5,5,5,4,5,5,5,5,219.0,97.33,233.5,93.4,A
10.0,5.0,5.0,5.0,10,40,,,,,10.0,,15.0,,,,,10.0,,15.0,15.0,30.0,30.0,5.0,30.0,30,5.0,5,5,5,5,5,5,5,5,5,225.0,100.0,250.0,100.0,A
10.0,5.0,5.0,5.0,0,0,,,20.0,,,,,,10.0,,,,,15.0,15.0,30.0,30.0,5.0,18.0,30,0.0,5,5,5,5,5,4,5,5,5,157.0,69.78,182.0,72.8,C
10.0,5.0,5.0,5.0,10,40,,,,,,,,,,,,,,0.0,0.0,0.0,30.0,5.0,30.0,30,5.0,5,5,5,5,5,5,5,5,5,195.0,86.67,220.0,88.0,B+
9.69,5.0,5.0,0.0,0,0,,,,,,,,,,,,,,0.0,0.0,0.0,30.0,5.0,30.0,0,5.0,5,5,5,5,5,4,5,5,0,109.0,48.44,128.69,51.48,F
9.25,5.0,5.0,5.0,10,30,,,10.0,,,,,,,,,,,0.0,0.0,0.0,30.0,5.0,22.5,30,5.0,3,5,5,4,4,5,5,0,0,163.5,72.67,187.75,75.1,C
10.0,5.0,5.0,5.0,10,40,,15.0,,,,,,,,,,,,15.0,0.0,15.0,30.0,5.0,30.0,30,5.0,5,5,5,5,5,5,5,5,5,210.0,93.33,235.0,94.0,A
10.0,5.0,5.0,5.0,10,0,,10.0,,,5.0,,,,,,,10.0,5.0,15.0,15.0,30.0,30.0,5.0,30.0,30,5.0,5,5,5,5,5,5,5,5,5,185.0,82.22,210.0,84.0,B
9.88,5.0,5.0,5.0,10,40,,10.0,,,5.0,,,,,,,,15.0,15.0,15.0,30.0,30.0,5.0,30.0,30,5.0,5,5,4,5,5,5,5,5,5,224.0,99.56,248.88,99.55,A
9.38,5.0,5.0,5.0,10,40,10.0,,,,10.0,,,,,10.0,,,,15.0,15.0,30.0,30.0,5.0,30.0,30,5.0,5,5,5,5,5,5,5,5,5,225.0,100.0,249.38,99.75,A
9.88,5.0,0.0,0.0,10,40,,,20.0,10.0,,,,,,,,,,15.0,15.0,30.0,30.0,5.0,29.0,30,5.0,5,5,5,5,5,5,5,5,5,224.0,99.56,238.88,95.55,A
10.0,5.0,5.0,5.0,0,40,,,,,,,,,,,,,15.0,0.0,15.0,15.0,30.0,5.0,30.0,30,5.0,5,5,5,5,5,5,5,5,5,200.0,88.89,225.0,90.0,A
8.0,5.0,5.0,0.0,0,0,,,,,,,10.0,,,,,,,0.0,0.0,0.0,30.0,5.0,30.0,0,0.0,5,0,5,0,5,5,5,5,5,100.0,44.44,118.0,47.2,F
10.0,5.0,5.0,5.0,10,18,,10.0,20.0,,,,,,,,,,,15.0,15.0,30.0,30.0,5.0,30.0,30,5.0,5,5,5,5,5,5,5,4,5,202.0,89.78,227.0,90.8,A
9.75,5.0,5.0,5.0,10,40,,,,,10.0,10.0,,,,,,,10.0,15.0,15.0,30.0,30.0,5.0,30.0,30,5.0,5,5,5,5,5,5,5,5,5,225.0,100.0,249.75,99.9,A
10.0,5.0,5.0,5.0,10,37,,,,,20.0,10.0,,,,,,,,15.0,15.0,30.0,30.0,0.0,30.0,30,5.0,5,5,5,5,5,5,5,5,5,217.0,96.44,242.0,96.8,A
10.0,5.0,5.0,5.0,10,40,,,,10.0,20.0,,,,,,,,,15.0,15.0,30.0,30.0,5.0,30.0,30,5.0,5,5,5,5,5,5,5,5,5,225.0,100.0,250.0,100.0,A
9.88,5.0,5.0,5.0,10,30,,,,10.0,,,,,10.0,,,,,0.0,0.0,0.0,30.0,0.0,30.0,30,5.0,5,5,5,5,5,5,5,5,5,180.0,80.0,204.88,81.95,B
9.69,5.0,5.0,5.0,0,40,,,5.0,,,,,,,,15.0,,,0.0,15.0,15.0,30.0,0.0,30.0,30,5.0,5,5,5,0,5,5,5,5,5,190.0,84.44,214.69,85.88,B
10.0,5.0,5.0,0.0,10,37,,,,,5.0,10.0,,,10.0,,10.0,,,15.0,15.0,30.0,30.0,5.0,29.0,30,5.0,5,5,5,4,5,5,5,5,5,220.0,97.78,240.0,96.0,A
9.94,5.0,0.0,0.0,10,40,,,,,,10.0,,,,,20.0,,,0.0,15.0,15.0,0.0,0.0,30.0,30,5.0,5,5,5,5,5,5,5,5,5,175.0,77.78,189.94,75.98,C
10.0,5.0,0.0,5.0,0,40,,,,,,,15.0,,,15.0,,,,15.0,15.0,30.0,30.0,5.0,30.0,0,4.0,5,5,5,5,5,4,0,5,5,178.0,79.11,198.0,79.2,C+
9.45,5.0,5.0,3.75,10,40,,,,,10.0,5.0,,,,,10.0,,5.0,15.0,15.0,30.0,30.0,5.0,0.0,30,5.0,5,5,5,5,4,5,5,5,5,194.0,86.22,217.2,86.88,B
9.5,5.0,5.0,5.0,10,0,,,,,20.0,,,,,,,,10.0,15.0,15.0,30.0,30.0,5.0,30.0,30,5.0,5,5,5,5,5,4,5,5,5,184.0,81.78,208.5,83.4,B
10.0,5.0,5.0,5.0,10,35,,,,,10.0,5.0,,5.0,,,5.0,5.0,,15.0,15.0,30.0,30.0,0.0,30.0,30,5.0,5,5,5,5,5,5,5,4,5,214.0,95.11,239.0,95.6,A
9.75,5.0,5.0,5.0,0,0,,,,,20.0,,,,,10.0,,,,15.0,15.0,30.0,30.0,5.0,29.0,30,5.0,5,5,5,5,5,5,5,5,5,174.0,77.33,198.75,79.5,C+
9.75,5.0,5.0,5.0,0,40,,,20.0,,,,10.0,,,,,,,15.0,15.0,30.0,30.0,5.0,29.0,30,5.0,5,5,5,5,5,5,5,5,5,214.0,95.11,238.75,95.5,A
9.88,5.0,5.0,5.0,10,40,,,,5.0,,5.0,5.0,5.0,10.0,,,,,15.0,15.0,30.0,30.0,5.0,30.0,30,5.0,5,5,5,5,5,5,5,5,5,225.0,100.0,249.88,99.95,A
10.0,5.0,5.0,5.0,10,40,,,,,10.0,,5.0,,,,,,15.0,15.0,15.0,30.0,30.0,5.0,30.0,30,5.0,5,5,5,4,0,5,5,0,5,214.0,95.11,239.0,95.6,A
9.31,5.0,5.0,5.0,10,40,,,,,,,,,,,,,15.0,0.0,15.0,15.0,30.0,0.0,22.5,30,5.0,5,5,5,5,5,5,4,4,5,195.5,86.89,219.81,87.93,B
10.0,5.0,5.0,5.0,10,40,,10.0,10.0,,,,,,10.0,,,,,15.0,15.0,30.0,30.0,5.0,30.0,30,5.0,5,5,5,5,5,5,4,5,5,224.0,99.56,249.0,99.6,A
9.44,5.0,5.0,5.0,0,40,,,,10.0,,10.0,,,,,,,10.0,15.0,15.0,30.0,30.0,5.0,30.0,30,5.0,5,5,5,5,5,5,4,5,5,214.0,95.11,238.44,95.38,A
10.0,5.0,5.0,5.0,10,40,,,,5.0,,,10.0,,,,,,15.0,15.0,15.0,30.0,30.0,3.75,22.5,30,5.0,5,5,5,0,5,5,5,5,5,211.25,93.89,236.25,94.5,A
10.0,5.0,5.0,5.0,10,40,,,,5.0,,,10.0,,,,5.0,5.0,5.0,15.0,15.0,30.0,30.0,5.0,22.5,30,5.0,5,5,5,5,5,5,5,5,5,217.5,96.67,242.5,97.0,A
10.0,5.0,0.0,0.0,10,40,,5.0,,,,,,,,,,,,0.0,0.0,0.0,22.5,5.0,30.0,30,5.0,4,5,5,4,5,5,5,4,5,184.5,82.0,199.5,79.8,C+
9.45,5.0,5.0,5.0,10,40,,10.0,,5.0,5.0,5.0,,,,5.0,,,,15.0,15.0,30.0,30.0,5.0,30.0,30,5.0,5,5,5,5,5,5,4,5,5,224.0,99.56,248.45,99.38,A
9.38,5.0,3.75,5.0,10,40,,,,5.0,5.0,5.0,,,5.0,5.0,,,5.0,15.0,15.0,30.0,30.0,5.0,22.5,30,5.0,5,5,5,5,5,5,5,5,5,217.5,96.67,240.63,96.25,A
10.0,5.0,5.0,5.0,0,40,10.0,,,,,,,,,,,,,0.0,0.0,0.0,30.0,5.0,30.0,30,5.0,4,5,5,5,4,5,4,3,5,180.0,80.0,205.0,82.0,B
8.69,5.0,0.0,0.0,0,0,,,,,,,20.0,,,,,,10.0,15.0,15.0,30.0,30.0,0.0,29.0,0,5.0,5,5,5,5,5,5,5,5,0,134.0,59.56,147.69,59.08,F
9.5,5.0,5.0,5.0,10,40,,,5.0,5.0,,,5.0,,5.0,5.0,,,15.0,15.0,15.0,30.0,30.0,5.0,30.0,30,4.0,5,5,5,5,5,5,5,5,5,224.0,99.56,248.5,99.4,A
10.0,5.0,5.0,5.0,10,40,,10.0,,,5.0,,,,5.0,,,5.0,5.0,15.0,15.0,30.0,22.5,5.0,30.0,30,4.0,5,5,5,5,5,5,5,5,5,216.5,96.22,241.5,96.6,A
10.0,5.0,5.0,0.0,10,40,,,,5.0,,5.0,5.0,5.0,,5.0,,5.0,,15.0,15.0,30.0,30.0,5.0,30.0,30,5.0,5,5,5,5,5,5,5,4,5,224.0,99.56,244.0,97.6,A
10.0,5.0,5.0,0.0,10,0,,,,,10.0,,5.0,,10.0,5.0,,,,15.0,15.0,30.0,30.0,5.0,30.0,30,5.0,5,5,4,5,5,5,5,5,5,184.0,81.78,204.0,81.6,B
9.44,5.0,5.0,0.0,10,40,10.0,,,,,5.0,,,,15.0,,,,15.0,15.0,30.0,30.0,5.0,30.0,30,4.0,5,5,5,5,4,4,5,5,5,222.0,98.67,241.44,96.58,A
9.75,5.0,5.0,5.0,10,40,,15.0,,,5.0,,,5.0,,10.0,,,,15.0,15.0,30.0,30.0,5.0,30.0,30,5.0,5,5,5,5,5,4,5,5,5,224.0,99.56,248.75,99.5,A
10.0,5.0,5.0,5.0,10,40,,10.0,,,5.0,,,,,,,15.0,,15.0,15.0,30.0,30.0,5.0,30.0,30,5.0,5,5,5,5,5,5,5,5,5,225.0,100.0,250.0,100.0,A
10.0,5.0,5.0,5.0,10,40,5.0,5.0,,,,10.0,,,10.0,,,,,15.0,15.0,30.0,30.0,5.0,30.0,30,5.0,5,5,5,5,5,5,5,5,5,225.0,100.0,250.0,100.0,A
10.0,5.0,5.0,5.0,10,40,,,,,10.0,10.0,,,,,,,10.0,15.0,15.0,30.0,30.0,5.0,30.0,30,5.0,5,5,5,5,5,5,5,5,5,225.0,100.0,250.0,100.0,A
0.0,0.0,0.0,0.0,0,0,,,,,,,,,,,,,,,,,0.0,0.0,0.0,0,0.0,0,0,0,0,0,0,0,0,0,0.0,0.0,0.0,0.0,F
